kommune_nr-kommunenavn;kommune_nr;kommunenavn;spraak.alle;spraak.alle;spraak.minoritet;spraak.minoritet;spraak.ikke_minoritet;spraak.ikke_minoritet;spraak.alle;spraak.alle;spraak.alle
;;;undervisning_grskole.alle;undervisning_grskole.alle;undervisning_grskole.alle;undervisning_grskole.alle;undervisning_grskole.alle;undervisning_grskole.alle;undervisning_grskole.kun_grunnskoleoppl;undervisning_grskole.kun_spesialund;undervisning_grskole.grskole_og_spesial
nedbrytninger;;;enhet.personer;enhet.prosent;enhet.personer;enhet.prosent;enhet.personer;enhet.prosent;enhet.personer;enhet.personer;enhet.personer
0101 Halden;101;Halden;42;100;26;61,9;16;38,0952381;26;16;0
0104 Moss;104;Moss;31;100;27;87,1;4;12,90322581;25;6;0
0105 Sarpsborg;105;Sarpsborg;48;100;26;54,2;22;45,83333333;34;14;0
0106 Fredrikstad;106;Fredrikstad;104;100;101;97,1;3;2,884615385;94;5;5
0111 Hvaler;111;Hvaler;0;100;0;0;0;.;0;0;0
0118 Aremark;118;Aremark;0;100;0;0;0;.;0;0;0
0119 Marker;119;Marker;0;100;0;0;0;.;0;0;0
0121 Rømskog;121;Rømskog;1;100;0;0;1;100;0;1;0
0122 Trøgstad;122;Trøgstad;0;100;0;0;0;.;0;0;0
0123 Spydeberg;123;Spydeberg;0;100;0;0;0;.;0;0;0
0124 Askim;124;Askim;21;100;21;100;0;0;21;0;0
0125 Eidsberg;125;Eidsberg;0;100;0;0;0;.;0;0;0
0127 Skiptvet;127;Skiptvet;1;100;1;100;0;0;0;1;0
0128 Rakkestad;128;Rakkestad;1;100;0;0;1;100;0;1;0
0135 Råde;135;Råde;0;100;0;0;0;.;0;0;0
0136 Rygge;136;Rygge;1;100;0;0;1;100;0;1;0
0137 Våler (Østfold);137;Våler (Østf.);0;100;0;0;0;.;0;0;0
0138 Hobøl;138;Hobøl;0;100;0;0;0;.;0;0;0
0211 Vestby;211;Vestby;11;100;0;0;11;100;0;11;0
0213 Ski;213;Ski;93;100;73;78,5;20;21,50537634;67;26;0
0214 Ås;214;Ås;21;100;4;19;17;80,95238095;3;18;0
0215 Frogn;215;Frogn;32;100;0;0;32;100;0;32;0
0216 Nesodden;216;Nesodden;25;100;2;8;23;92;0;25;0
0217 Oppegård;217;Oppegård;63;100;46;73;17;26,98412698;52;11;0
0219 Bærum;219;Bærum;177;100;73;41,2;104;58,75706215;110;67;0
0220 Asker;220;Asker;55;100;40;72,7;15;27,27272727;40;15;0
0221 Aurskog Høland;221;Aurskog-Høland;6;100;0;0;6;100;0;6;0
0226 Sørum;226;Sørum;22;100;22;100;0;0;22;0;0
0227 Fet;227;Fet;0;100;0;0;0;.;0;0;0
0228 Rælingen;228;Rælingen;0;100;0;0;0;.;0;0;0
0229 Enebakk;229;Enebakk;0;100;0;0;0;.;0;0;0
0230 Lørenskog;230;Lørenskog;42;100;26;61,9;16;38,0952381;25;17;0
0231 Skedsmo;231;Skedsmo;128;100;63;49,2;65;50,78125;63;65;0
0233 Nittedal;233;Nittedal;14;100;0;0;14;100;0;14;0
0234 Gjerdrum;234;Gjerdrum;0;100;0;0;0;.;0;0;0
0235 Ullensaker;235;Ullensaker;41;100;39;95,1;2;4,87804878;38;2;1
0236 Nes (Akershus);236;Nes (Ak.);15;100;3;20;12;80;0;15;0
0237 Eidsvoll;237;Eidsvoll;0;100;0;0;0;.;0;0;0
0238 Nannestad;238;Nannestad;0;100;0;0;0;.;0;0;0
0239 Hurdal;239;Hurdal;0;100;0;0;0;.;0;0;0
0301 Oslo;301;Oslo kommune;2260;100;1758;77,8;502;22,21238938;1613;647;0
0402 Kongsvinger;402;Kongsvinger;23;100;22;95,7;1;4,347826087;22;1;0
0403 Hamar;403;Hamar;37;100;21;56,8;16;43,24324324;21;16;0
0412 Ringsaker;412;Ringsaker;37;100;17;45,9;20;54,05405405;35;2;0
0415 Løten;415;Løten;10;100;0;0;10;100;0;10;0
0417 Stange;417;Stange;25;100;0;0;25;100;0;25;0
0418 Nord-Odal;418;Nord-Odal;0;100;0;0;0;.;0;0;0
0419 Sør-Odal;419;Sør-Odal;0;100;0;0;0;.;0;0;0
0420 Eidskog;420;Eidskog;0;100;0;0;0;.;0;0;0
0423 Grue;423;Grue;1;100;0;0;1;100;0;1;0
0425 Åsnes;425;Åsnes;18;100;11;61,1;7;38,88888889;14;2;2
0426 Våler (Hedm.);426;Våler (Hedm.);0;100;0;0;0;.;0;0;0
0427 Elverum;427;Elverum;48;100;44;91,7;4;8,333333333;42;0;6
0428 Trysil;428;Trysil;24;100;15;62,5;9;37,5;15;9;0
0429 Åmot;429;Åmot;0;100;0;0;0;.;0;0;0
0430 Stor-Elvdal;430;Stor-Elvdal;1;100;1;100;0;0;1;0;0
0432 Rendalen;432;Rendalen;0;100;0;0;0;.;0;0;0
0434 Engerdal;434;Engerdal;5;100;4;80;1;20;0;0;5
0436 Tolga;436;Tolga;0;100;0;0;0;.;0;0;0
0437 Tynset;437;Tynset;15;100;1;6,7;14;93,33333333;0;15;0
0438 Alvdal;438;Alvdal;2;100;0;0;2;100;0;2;0
0439 Folldal;439;Folldal;0;100;0;0;0;.;0;0;0
0441 Os (Hedm.);441;Os (Hedm.);0;100;0;0;0;.;0;0;0
0501 Lillehammer;501;Lillehammer;109;100;43;39,4;66;60,55045872;39;69;1
0502 Gjøvik;502;Gjøvik;60;100;34;56,7;26;43,33333333;33;25;2
0511 Dovre;511;Dovre;0;100;0;0;0;.;0;0;0
0512 Lesja;512;Lesja;0;100;0;0;0;.;0;0;0
0513 Skjåk;513;Skjåk;0;100;0;0;0;.;0;0;0
0514 Lom;514;Lom;1;100;1;100;0;0;1;0;0
0515 Vågå;515;Vågå;0;100;0;0;0;.;0;0;0
0516 Nord-Fron;516;Nord-Fron;0;100;0;0;0;.;0;0;0
0517 Sel;517;Sel;27;100;27;100;0;0;27;0;0
0519 Sør-Fron;519;Sør-Fron;0;100;0;0;0;.;0;0;0
0520 Ringebu;520;Ringebu;8;100;8;100;0;0;8;0;0
0521 Øyer;521;Øyer;5;100;2;40;3;60;0;4;1
0522 Gausdal;522;Gausdal;2;100;0;0;2;100;0;2;0
0528 Østre Toten;528;Østre Toten;24;100;11;45,8;13;54,16666667;11;13;0
0529 Vestre Toten;529;Vestre Toten;37;100;14;37,8;23;62,16216216;19;17;1
0532 Jevnaker;532;Jevnaker;0;100;0;0;0;.;0;0;0
0533 Lunner;533;Lunner;60;100;56;93,3;4;6,666666667;54;6;0
0534 Gran;534;Gran;0;100;0;0;0;.;0;0;0
0536 Søndre Land;536;Søndre Land;3;100;0;0;3;100;0;3;0
0538 Nordre Land;538;Nordre Land;15;100;11;73,3;4;26,66666667;11;4;0
0540 Sør-Aurdal;540;Sør-Aurdal;6;100;6;100;0;0;6;0;0
0541 Etnedal;541;Etnedal;6;100;4;66,7;2;33,33333333;4;2;0
0542 Nord-Aurdal;542;Nord-Aurdal;10;100;0;0;10;100;0;10;0
0543 Vestre Slidre;543;Vestre Slidre;0;100;0;0;0;.;0;0;0
0544 Øystre Slidre;544;Øystre Slidre;0;100;0;0;0;.;0;0;0
0545 Vang;545;Vang;5;100;0;0;5;100;0;5;0
0602 Drammen;602;Drammen;146;100;129;88,4;17;11,64383562;114;29;3
0604 Kongsberg;604;Kongsberg;22;100;21;95,5;1;4,545454545;22;0;0
0605 Ringerike;605;Ringerike;73;100;54;74;19;26,02739726;71;1;1
0612 Hole;612;Hole;15;100;2;13,3;13;86,66666667;0;15;0
0615 Flå;615;Flå;0;100;0;0;0;.;0;0;0
0616 Nes (Busk.);616;Nes (Busk.);0;100;0;0;0;.;0;0;0
0617 Gol;617;Gol;25;100;22;88;3;12;21;2;2
0618 Hemsedal;618;Hemsedal;0;100;0;0;0;.;0;0;0
0619 Ål;619;Ål;2;100;0;0;2;100;0;2;0
0620 Hol;620;Hol;0;100;0;0;0;.;0;0;0
0621 Sigdal;621;Sigdal;2;100;0;0;2;100;0;2;0
0622 Krødsherad;622;Krødsherad;3;100;0;0;3;100;0;3;0
0623 Modum;623;Modum;55;100;24;43,6;31;56,36363636;26;29;0
0624 Øvre Eiker;624;Øvre Eiker;36;100;25;69,4;11;30,55555556;25;11;0
0625 Nedre Eiker;625;Nedre Eiker;34;100;11;32,4;23;67,64705882;16;18;0
0626 Lier;626;Lier;25;100;11;44;14;56;9;13;3
0627 Røyken;627;Røyken;0;100;0;0;0;.;0;0;0
0628 Hurum;628;Hurum;13;100;13;100;0;0;13;0;0
0631 Flesberg;631;Flesberg;0;100;0;0;0;.;0;0;0
0632 Rollag;632;Rollag;0;100;0;0;0;.;0;0;0
0633 Nore og Uvdal;633;Nore og Uvdal;4;100;0;0;4;100;0;4;0
0701 Horten;701;Horten;54;100;36;66,7;18;33,33333333;37;17;0
0702 Holmestrand;702;Holmestrand;12;100;2;16,7;10;83,33333333;0;12;0
0704 Tønsberg;704;Tønsberg;133;100;50;37,6;83;62,40601504;60;72;1
0706 Sandefjord;706;Sandefjord;87;100;70;80,5;17;19,54022989;85;2;0
0709 Larvik;709;Larvik;155;100;120;77,4;35;22,58064516;126;25;4
0711 Svelvik;711;Svelvik;9;100;0;0;9;100;0;9;0
0713 Sande (Vestf.);713;Sande (Vestf.);3;100;0;0;3;100;0;3;0
0714 Hof;714;Hof;2;100;0;0;2;100;0;2;0
0716 Re;716;Re (f.o.m. 2002);0;100;0;0;0;.;0;0;0
0719 Andebu;719;Andebu;1;100;0;0;1;100;0;1;0
0720 Stokke;720;Stokke;9;100;5;55,6;4;44,44444444;0;9;0
0722 Nøtterøy;722;Nøtterøy;0;100;0;0;0;.;0;0;0
0723 Tjøme;723;Tjøme;0;100;0;0;0;.;0;0;0
0728 Lardal;728;Lardal;0;100;0;0;0;.;0;0;0
0805 Porsgrunn;805;Porsgrunn;72;100;44;61,1;28;38,88888889;48;24;0
0806 Skien;806;Skien;222;100;93;41,9;129;58,10810811;65;150;7
0807 Notodden;807;Notodden;26;100;26;100;0;0;26;0;0
0811 Siljan;811;Siljan;8;100;8;100;0;0;8;0;0
0814 Bamble;814;Bamble;18;100;13;72,2;5;27,77777778;13;5;0
0815 Kragerø;815;Kragerø;55;100;33;60;22;40;34;21;0
0817 Drangedal;817;Drangedal;2;100;0;0;2;100;0;2;0
0819 Nome;819;Nome;7;100;3;42,9;4;57,14285714;3;4;0
0821 Bø (Telemark);821;Bø (Telem.);36;100;27;75;9;25;27;9;0
0822 Sauherad;822;Sauherad;8;100;6;75;2;25;6;2;0
0826 Tinn;826;Tinn;20;100;20;100;0;0;20;0;0
0827 Hjartdal;827;Hjartdal;0;100;0;0;0;.;0;0;0
0828 Seljord;828;Seljord;0;100;0;0;0;.;0;0;0
0829 Kviteseid;829;Kviteseid;5;100;0;0;5;100;0;5;0
0830 Nissedal;830;Nissedal;6;100;3;50;3;50;3;3;0
0831 Fyresdal;831;Fyresdal;0;100;0;0;0;.;0;0;0
0833 Tokke;833;Tokke;0;100;0;0;0;.;0;0;0
0834 Vinje;834;Vinje;14;100;14;100;0;0;14;0;0
0901 Risør;901;Risør;38;100;31;81,6;7;18,42105263;30;8;0
0904 Grimstad;904;Grimstad;62;100;42;67,7;20;32,25806452;40;22;0
0906 Arendal;906;Arendal;177;100;130;73,4;47;26,55367232;129;48;0
0911 Gjerstad;911;Gjerstad;0;100;0;0;0;.;0;0;0
0912 Vegårshei;912;Vegårshei;0;100;0;0;0;.;0;0;0
0914 Tvedestrand;914;Tvedestrand;0;100;0;0;0;.;0;0;0
0919 Froland;919;Froland;6;100;0;0;6;100;0;6;0
0926 Lillesand;926;Lillesand;26;100;6;23,1;20;76,92307692;7;19;0
0928 Birkenes;928;Birkenes;26;100;10;38,5;16;61,53846154;10;16;0
0929 Åmli;929;Åmli;0;100;0;0;0;.;0;0;0
0935 Iveland;935;Iveland;1;100;0;0;1;100;0;1;0
0937 Evje og Hornnes;937;Evje og Hornnes;1;100;0;0;1;100;0;1;0
0938 Bygland;938;Bygland;0;100;0;0;0;.;0;0;0
0940 Valle;940;Valle;0;100;0;0;0;.;0;0;0
0941 Bykle;941;Bykle;0;100;0;0;0;.;0;0;0
1001 Kristiansand;1001;Kristiansand;310;100;128;41,3;182;58,70967742;118;182;10
1002 Mandal;1002;Mandal;50;100;29;58;21;42;28;21;1
1003 Farsund;1003;Farsund;23;100;1;4,3;22;95,65217391;0;23;0
1004 Flekkefjord;1004;Flekkefjord;9;100;1;11,1;8;88,88888889;0;9;0
1014 Vennesla;1014;Vennesla;22;100;17;77,3;5;22,72727273;16;6;0
1017 Songdalen;1017;Songdalen;26;100;15;57,7;11;42,30769231;15;11;0
1018 Søgne;1018;Søgne;9;100;1;11,1;8;88,88888889;0;9;0
1021 Marnardal;1021;Marnardal;8;100;0;0;8;100;0;8;0
1026 Åseral;1026;Åseral;0;100;0;0;0;.;0;0;0
1027 Audnedal;1027;Audnedal;0;100;0;0;0;.;0;0;0
1029 Lindesnes;1029;Lindesnes;0;100;0;0;0;.;0;0;0
1032 Lyngdal;1032;Lyngdal;36;100;34;94,4;2;5,555555556;33;3;0
1034 Hægebostad;1034;Hægebostad;0;100;0;0;0;.;0;0;0
1037 Kvinesdal;1037;Kvinesdal;3;100;0;0;3;100;0;3;0
1046 Sirdal;1046;Sirdal;1;100;1;100;0;0;0;0;1
1101 Eigersund;1101;Eigersund;21;100;0;0;21;100;0;21;0
1102 Sandnes;1102;Sandnes;311;100;204;65,6;107;34,40514469;210;101;0
1103 Stavanger;1103;Stavanger;251;100;152;60,6;99;39,44223108;131;119;1
1106 Haugesund;1106;Haugesund;79;100;50;63,3;29;36,70886076;51;25;3
1111 Sokndal;1111;Sokndal;0;100;0;0;0;.;0;0;0
1112 Lund;1112;Lund;2;100;0;0;2;100;2;0;0
1114 Bjerkreim;1114;Bjerkreim;0;100;0;0;0;.;0;0;0
1119 Hå;1119;Hå;8;100;0;0;8;100;0;8;0
1120 Klepp;1120;Klepp;0;100;0;0;0;.;0;0;0
1121 Time;1121;Time;55;100;43;78,2;12;21,81818182;45;10;0
1122 Gjesdal;1122;Gjesdal;0;100;0;0;0;.;0;0;0
1124 Sola;1124;Sola;16;100;4;25;12;75;7;9;0
1127 Randaberg;1127;Randaberg;2;100;0;0;2;100;0;2;0
1129 Forsand;1129;Forsand;0;100;0;0;0;.;0;0;0
1130 Strand;1130;Strand;28;100;6;21,4;22;78,57142857;15;13;0
1133 Hjelmeland;1133;Hjelmeland;0;100;0;0;0;.;0;0;0
1134 Suldal;1134;Suldal;17;100;6;35,3;11;64,70588235;12;5;0
1135 Sauda;1135;Sauda;1;100;0;0;1;100;1;0;0
1141 Finnøy;1141;Finnøy;0;100;0;0;0;.;0;0;0
1142 Rennesøy;1142;Rennesøy;0;100;0;0;0;.;0;0;0
1144 Kvitsøy;1144;Kvitsøy;0;100;0;0;0;.;0;0;0
1145 Bokn;1145;Bokn;0;100;0;0;0;.;0;0;0
1146 Tysvær;1146;Tysvær;33;100;23;69,7;10;30,3030303;21;12;0
1149 Karmøy;1149;Karmøy;80;100;14;17,5;66;82,5;11;69;0
1151 Utsira;1151;Utsira;0;100;0;0;0;.;0;0;0
1160 Vindafjord;1160;Vindafjord;13;100;0;0;13;100;0;13;0
1201 Bergen;1201;Bergen;318;100;204;64,2;114;35,8490566;298;17;3
1211 Etne;1211;Etne;3;100;0;0;3;100;0;3;0
1216 Sveio;1216;Sveio;0;100;0;0;0;.;0;0;0
1219 Bømlo;1219;Bømlo;10;100;9;90;1;10;9;0;1
1221 Stord;1221;Stord;0;100;0;0;0;.;0;0;0
1222 Fitjar;1222;Fitjar;0;100;0;0;0;.;0;0;0
1223 Tysnes;1223;Tysnes;0;100;0;0;0;.;0;0;0
1224 Kvinnherad;1224;Kvinnherad;3;100;3;100;0;0;3;0;0
1227 Jondal;1227;Jondal;0;100;0;0;0;.;0;0;0
1228 Odda;1228;Odda;10;100;1;10;9;90;1;9;0
1231 Ullensvang;1231;Ullensvang;7;100;7;100;0;0;7;0;0
1232 Eidfjord;1232;Eidfjord;0;100;0;0;0;.;0;0;0
1233 Ulvik;1233;Ulvik;0;100;0;0;0;.;0;0;0
1234 Granvin;1234;Granvin;0;100;0;0;0;.;0;0;0
1235 Voss;1235;Voss;56;100;24;42,9;32;57,14285714;24;32;0
1238 Kvam;1238;Kvam;33;100;10;30,3;23;69,6969697;10;23;0
1241 Fusa;1241;Fusa;22;100;16;72,7;6;27,27272727;16;6;0
1242 Samnanger;1242;Samnanger;1;100;0;0;1;100;0;1;0
1243 Os (Hord.);1243;Os (Hord.);30;100;9;30;21;70;8;22;0
1244 Austevoll;1244;Austevoll;12;100;1;8,3;11;91,66666667;6;6;0
1245 Sund;1245;Sund;7;100;0;0;7;100;0;7;0
1246 Fjell;1246;Fjell;7;100;4;57,1;3;42,85714286;5;2;0
1247 Askøy;1247;Askøy;3;100;0;0;3;100;0;3;0
1251 Vaksdal;1251;Vaksdal;0;100;0;0;0;.;0;0;0
1252 Modalen;1252;Modalen;0;100;0;0;0;.;0;0;0
1253 Osterøy;1253;Osterøy;19;100;0;0;19;100;2;14;3
1256 Meland;1256;Meland;15;100;1;6,7;14;93,33333333;0;15;0
1259 Øygarden;1259;Øygarden;17;100;17;100;0;0;17;0;0
1260 Radøy;1260;Radøy;1;100;0;0;1;100;0;1;0
1263 Lindås;1263;Lindås;30;100;18;60;12;40;18;12;0
1264 Austrheim;1264;Austrheim;0;100;0;0;0;.;0;0;0
1265 Fedje;1265;Fedje;0;100;0;0;0;.;0;0;0
1266 Masfjorden;1266;Masfjorden;2;100;0;0;2;100;0;0;2
1401 Flora;1401;Flora;23;100;23;100;0;0;23;0;0
1411 Gulen;1411;Gulen;2;100;0;0;2;100;0;2;0
1412 Solund;1412;Solund;0;100;0;0;0;.;0;0;0
1413 Hyllestad;1413;Hyllestad;0;100;0;0;0;.;0;0;0
1416 Høyanger;1416;Høyanger;1;100;0;0;1;100;0;1;0
1417 Vik;1417;Vik;7;100;1;14,3;6;85,71428571;0;7;0
1418 Balestrand;1418;Balestrand;0;100;0;0;0;.;0;0;0
1419 Leikanger;1419;Leikanger;0;100;0;0;0;.;0;0;0
1420 Sogndal;1420;Sogndal;28;100;14;50;14;50;14;14;0
1421 Aurland;1421;Aurland;2;100;0;0;2;100;0;2;0
1422 Lærdal;1422;Lærdal;0;100;0;0;0;.;0;0;0
1424 Årdal;1424;Årdal;9;100;2;22,2;7;77,77777778;2;7;0
1426 Luster;1426;Luster;0;100;0;0;0;.;0;0;0
1428 Askvoll;1428;Askvoll;2;100;0;0;2;100;0;2;0
1429 Fjaler;1429;Fjaler;8;100;0;0;8;100;0;8;0
1430 Gaular;1430;Gaular;6;100;0;0;6;100;0;6;0
1431 Jølster;1431;Jølster;5;100;0;0;5;100;5;0;0
1432 Førde;1432;Førde;22;100;0;0;22;100;22;0;0
1433 Naustdal;1433;Naustdal;0;100;0;0;0;.;0;0;0
1438 Bremanger;1438;Bremanger;3;100;0;0;3;100;0;3;0
1439 Vågsøy;1439;Vågsøy;1;100;0;0;1;100;0;1;0
1441 Selje;1441;Selje;7;100;0;0;7;100;0;7;0
1443 Eid;1443;Eid;8;100;0;0;8;100;0;8;0
1444 Hornindal;1444;Hornindal;0;100;0;0;0;.;0;0;0
1445 Gloppen;1445;Gloppen;10;100;10;100;0;0;10;0;0
1449 Stryn;1449;Stryn;16;100;12;75;4;25;12;4;0
1502 Molde;1502;Molde;138;100;50;36,2;88;63,76811594;52;0;86
1504 Ålesund;1504;Ålesund;107;100;40;37,4;67;62,61682243;39;68;0
1505 Kristiansund;1505;Kristiansund;76;100;50;65,8;26;34,21052632;51;25;0
1511 Vanylven;1511;Vanylven;0;100;0;0;0;.;0;0;0
1514 Sande (M. og R.);1514;Sande (M. og R.);0;100;0;0;0;.;0;0;0
1515 Herøy (M. og R.);1515;Herøy (M. og R.);10;100;0;0;10;100;0;10;0
1516 Ulstein;1516;Ulstein;19;100;1;5,3;18;94,73684211;0;18;1
1517 Hareid;1517;Hareid;22;100;14;63,6;8;36,36363636;14;8;0
1519 Volda;1519;Volda;31;100;16;51,6;15;48,38709677;17;14;0
1520 Ørsta;1520;Ørsta;29;100;15;51,7;14;48,27586207;15;14;0
1523 Ørskog;1523;Ørskog;2;100;0;0;2;100;0;2;0
1524 Norddal;1524;Norddal;0;100;0;0;0;.;0;0;0
1525 Stranda;1525;Stranda;8;100;0;0;8;100;0;8;0
1526 Stordal;1526;Stordal;2;100;0;0;2;100;0;2;0
1528 Sykkylven;1528;Sykkylven;6;100;0;0;6;100;0;6;0
1529 Skodje;1529;Skodje;12;100;1;8,3;11;91,66666667;0;12;0
1531 Sula;1531;Sula;19;100;0;0;19;100;0;19;0
1532 Giske;1532;Giske;13;100;0;0;13;100;13;0;0
1534 Haram;1534;Haram;10;100;0;0;10;100;0;10;0
1535 Vestnes;1535;Vestnes;5;100;1;20;4;80;1;4;0
1539 Rauma;1539;Rauma;15;100;0;0;15;100;0;15;0
1543 Nesset;1543;Nesset;0;100;0;0;0;.;0;0;0
1545 Midsund;1545;Midsund;1;100;1;100;0;0;0;1;0
1546 Sandøy;1546;Sandøy;6;100;6;100;0;0;6;0;0
1547 Aukra;1547;Aukra;7;100;0;0;7;100;0;7;0
1548 Fræna;1548;Fræna;18;100;0;0;18;100;0;18;0
1551 Eide;1551;Eide;0;100;0;0;0;.;0;0;0
1554 Averøy;1554;Averøy;0;100;0;0;0;.;0;0;0
1557 Gjemnes;1557;Gjemnes;5;100;0;0;5;100;0;5;0
1560 Tingvoll;1560;Tingvoll;7;100;0;0;7;100;7;0;0
1563 Sunndal;1563;Sunndal;87;100;83;95,4;4;4,597701149;83;4;0
1566 Surnadal;1566;Surnadal;17;100;14;82,4;3;17,64705882;14;3;0
1567 Rindal;1567;Rindal;2;100;0;0;2;100;0;2;0
1571 Halsa;1571;Halsa;0;100;0;0;0;.;0;0;0
1573 Smøla;1573;Smøla;0;100;0;0;0;.;0;0;0
1576 Aure;1576;Aure;9;100;6;66,7;3;33,33333333;6;3;0
1601 Trondheim;1601;Trondheim;304;100;260;85,5;44;14,47368421;213;88;3
1612 Hemne;1612;Hemne;8;100;8;100;0;0;8;0;0
1613 Snillfjord;1613;Snillfjord;0;100;0;0;0;.;0;0;0
1617 Hitra;1617;Hitra;3;100;0;0;3;100;0;3;0
1620 Frøya;1620;Frøya;0;100;0;0;0;.;0;0;0
1621 Ørland;1621;Ørland;6;100;0;0;6;100;0;6;0
1622 Agdenes;1622;Agdenes;0;100;0;0;0;.;0;0;0
1624 Rissa;1624;Rissa;12;100;11;91,7;1;8,333333333;11;1;0
1627 Bjugn;1627;Bjugn;8;100;0;0;8;100;0;8;0
1630 Åfjord;1630;Åfjord;0;100;0;0;0;.;0;0;0
1632 Roan;1632;Roan;0;100;0;0;0;.;0;0;0
1633 Osen;1633;Osen;0;100;0;0;0;.;0;0;0
1634 Oppdal;1634;Oppdal;5;100;5;100;0;0;5;0;0
1635 Rennebu;1635;Rennebu;0;100;0;0;0;.;0;0;0
1636 Meldal;1636;Meldal;0;100;0;0;0;.;0;0;0
1638 Orkdal;1638;Orkdal;13;100;13;100;0;0;13;0;0
1640 Røros;1640;Røros;17;100;0;0;17;100;0;17;0
1644 Holtålen;1644;Holtålen;0;100;0;0;0;.;0;0;0
1648 Midtre Gauldal;1648;Midtre Gauldal;6;100;1;16,7;5;83,33333333;0;6;0
1653 Melhus;1653;Melhus;8;100;2;25;6;75;2;6;0
1657 Skaun;1657;Skaun;0;100;0;0;0;.;0;0;0
1662 Klæbu;1662;Klæbu;8;100;1;12,5;7;87,5;0;8;0
1663 Malvik;1663;Malvik;5;100;0;0;5;100;0;5;0
1664 Selbu;1664;Selbu;2;100;0;0;2;100;2;0;0
1665 Tydal;1665;Tydal;0;100;0;0;0;.;0;0;0
1702 Steinkjer;1702;Steinkjer;46;100;40;87;6;13,04347826;39;7;0
1703 Namsos;1703;Namsos;47;100;34;72,3;13;27,65957447;34;13;0
1711 Meråker;1711;Meråker;0;100;0;0;0;.;0;0;0
1714 Stjørdal;1714;Stjørdal;34;100;17;50;17;50;17;17;0
1717 Frosta;1717;Frosta;0;100;0;0;0;.;0;0;0
1718 Leksvik;1718;Leksvik;0;100;0;0;0;.;0;0;0
1719 Levanger;1719;Levanger;86;100;37;43;49;56,97674419;37;49;0
1721 Verdal;1721;Verdal;0;100;0;0;0;.;0;0;0
1724 Verran;1724;Verran;2;100;0;0;2;100;2;0;0
1725 Namdalseid;1725;Namdalseid;0;100;0;0;0;.;0;0;0
1736 Snåsa;1736;Snåsa;10;100;10;100;0;0;10;0;0
1738 Lierne;1738;Lierne;0;100;0;0;0;.;0;0;0
1739 Røyrvik;1739;Røyrvik;0;100;0;0;0;.;0;0;0
1740 Namsskogan;1740;Namsskogan;0;100;0;0;0;.;0;0;0
1742 Grong;1742;Grong;10;100;10;100;0;0;10;0;0
1743 Høylandet;1743;Høylandet;0;100;0;0;0;.;0;0;0
1744 Overhalla;1744;Overhalla;0;100;0;0;0;.;0;0;0
1748 Fosnes;1748;Fosnes;0;100;0;0;0;.;0;0;0
1749 Flatanger;1749;Flatanger;0;100;0;0;0;.;0;0;0
1750 Vikna;1750;Vikna;9;100;8;88,9;1;11,11111111;8;1;0
1751 Nærøy;1751;Nærøy;0;100;0;0;0;.;0;0;0
1755 Leka;1755;Leka;1;100;0;0;1;100;0;0;1
1756 Inderøy (f.o.m. 2012);1756;Inderøy (f.o.m. 2012);6;100;0;0;6;100;0;6;0
1804 Bodø;1804;Bodø;7;100;7;100;0;0;7;0;0
1805 Narvik;1805;Narvik;32;100;25;78,1;7;21,875;25;7;0
1811 Bindal;1811;Bindal;0;100;0;0;0;.;0;0;0
1812 Sømna;1812;Sømna;3;100;0;0;3;100;0;3;0
1813 Brønnøy;1813;Brønnøy;72;100;49;68,1;23;31,94444444;45;26;1
1815 Vega;1815;Vega;0;100;0;0;0;.;0;0;0
1816 Vevelstad;1816;Vevelstad;0;100;0;0;0;.;0;0;0
1818 Herøy (Nordl.);1818;Herøy (Nordl.);0;100;0;0;0;.;0;0;0
1820 Alstahaug;1820;Alstahaug;27;100;23;85,2;4;14,81481481;23;4;0
1822 Leirfjord;1822;Leirfjord;0;100;0;0;0;.;0;0;0
1824 Vefsn;1824;Vefsn;37;100;25;67,6;12;32,43243243;25;12;0
1825 Grane;1825;Grane;0;100;0;0;0;.;0;0;0
1826 Hattfjelldal;1826;Hattfjelldal;0;100;0;0;0;.;0;0;0
1827 Dønna;1827;Dønna;3;100;0;0;3;100;0;3;0
1828 Nesna;1828;Nesna;18;100;18;100;0;0;18;0;0
1832 Hemnes;1832;Hemnes;6;100;6;100;0;0;6;0;0
1833 Rana;1833;Rana;48;100;35;72,9;13;27,08333333;40;8;0
1834 Lurøy;1834;Lurøy;5;100;0;0;5;100;0;5;0
1835 Træna;1835;Træna;0;100;0;0;0;.;0;0;0
1836 Rødøy;1836;Rødøy;0;100;0;0;0;.;0;0;0
1837 Meløy;1837;Meløy;13;100;7;53,8;6;46,15384615;6;7;0
1838 Gildeskål;1838;Gildeskål;8;100;8;100;0;0;8;0;0
1839 Beiarn;1839;Beiarn;0;100;0;0;0;.;0;0;0
1840 Saltdal;1840;Saltdal;0;100;0;0;0;.;0;0;0
1841 Fauske;1841;Fauske;12;100;12;100;0;0;12;0;0
1845 Sørfold;1845;Sørfold;0;100;0;0;0;.;0;0;0
1848 Steigen;1848;Steigen;7;100;7;100;0;0;7;0;0
1849 Hamarøy;1849;Hamarøy;0;100;0;0;0;.;0;0;0
1850 Tysfjord;1850;Tysfjord;0;100;0;0;0;.;0;0;0
1851 Lødingen;1851;Lødingen;7;100;7;100;0;0;7;0;0
1852 Tjeldsund;1852;Tjeldsund;1;100;0;0;1;100;0;1;0
1853 Evenes;1853;Evenes;0;100;0;0;0;.;0;0;0
1854 Ballangen;1854;Ballangen;0;100;0;0;0;.;0;0;0
1856 Røst;1856;Røst;0;100;0;0;0;.;0;0;0
1857 Værøy;1857;Værøy;0;100;0;0;0;.;0;0;0
1859 Flakstad;1859;Flakstad;0;100;0;0;0;.;0;0;0
1860 Vestvågøy;1860;Vestvågøy;38;100;38;100;0;0;38;0;0
1865 Vågan;1865;Vågan;51;100;51;100;0;0;48;0;3
1866 Hadsel;1866;Hadsel;23;100;23;100;0;0;23;0;0
1867 Bø (Nordl.);1867;Bø (Nordl.);8;100;8;100;0;0;8;0;0
1868 Øksnes;1868;Øksnes;0;100;0;0;0;.;0;0;0
1870 Sortland;1870;Sortland;26;100;26;100;0;0;26;0;0
1871 Andøy;1871;Andøy;13;100;13;100;0;0;13;0;0
1874 Moskenes;1874;Moskenes;0;100;0;0;0;.;0;0;0
1902 Tromsø;1902;Tromsø;42;100;37;88,1;5;11,9047619;40;2;0
1903 Harstad;1903;Harstad;46;100;45;97,8;1;2,173913043;45;1;0
1911 Kvæfjord;1911;Kvæfjord;1;100;1;100;0;0;0;1;0
1913 Skånland;1913;Skånland;0;100;0;0;0;.;0;0;0
1917 Ibestad;1917;Ibestad;5;100;0;0;5;100;5;0;0
1919 Gratangen;1919;Gratangen;0;100;0;0;0;.;0;0;0
1920 Lavangen;1920;Lavangen;0;100;0;0;0;.;0;0;0
1922 Bardu;1922;Bardu;17;100;17;100;0;0;17;0;0
1923 Salangen;1923;Salangen;20;100;20;100;0;0;20;0;0
1924 Målselv;1924;Målselv;12;100;9;75;3;25;9;3;0
1925 Sørreisa;1925;Sørreisa;0;100;0;0;0;.;0;0;0
1926 Dyrøy;1926;Dyrøy;0;100;0;0;0;.;0;0;0
1927 Tranøy;1927;Tranøy;14;100;14;100;0;0;14;0;0
1928 Torsken;1928;Torsken;0;100;0;0;0;.;0;0;0
1929 Berg;1929;Berg;14;100;14;100;0;0;14;0;0
1931 Lenvik;1931;Lenvik;70;100;68;97,1;2;2,857142857;70;0;0
1933 Balsfjord;1933;Balsfjord;6;100;1;16,7;5;83,33333333;2;4;0
1936 Karlsøy;1936;Karlsøy;2;100;0;0;2;100;2;0;0
1938 Lyngen;1938;Lyngen;10;100;3;30;7;70;4;6;0
1939 Storfjord;1939;Storfjord;8;100;2;25;6;75;2;6;0
1940 Kåfjord;1940;Kåfjord;2;100;0;0;2;100;0;2;0
1941 Skjervøy;1941;Skjervøy;2;100;1;50;1;50;1;1;0
1942 Nordreisa;1942;Nordreisa;9;100;6;66,7;3;33,33333333;6;3;0
1943 Kvænangen;1943;Kvænangen;0;100;0;0;0;.;0;0;0
2002 Vardø;2002;Vardø;2;100;0;0;2;100;0;2;0
2003 Vadsø;2003;Vadsø;28;100;28;100;0;0;28;0;0
2004 Hammerfest;2004;Hammerfest;23;100;23;100;0;0;21;2;0
2011 Kautokeino;2011;Kautokeino;0;100;0;0;0;.;0;0;0
2012 Alta;2012;Alta;100;100;57;57;43;43;54;43;3
2014 Loppa;2014;Loppa;0;100;0;0;0;.;0;0;0
2015 Hasvik;2015;Hasvik;0;100;0;0;0;.;0;0;0
2017 Kvalsund;2017;Kvalsund;0;100;0;0;0;.;0;0;0
2018 Måsøy;2018;Måsøy;0;100;0;0;0;.;0;0;0
2019 Nordkapp;2019;Nordkapp;0;100;0;0;0;.;0;0;0
2020 Porsanger;2020;Porsanger Porsángu Porsanki;8;100;7;87,5;1;12,5;7;1;0
2021 Karasjok;2021;Karasjok;1;100;1;100;0;0;1;0;0
2022 Lebesby;2022;Lebesby;0;100;0;0;0;.;0;0;0
2023 Gamvik;2023;Gamvik;0;100;0;0;0;.;0;0;0
2024 Berlevåg;2024;Berlevåg;0;100;0;0;0;.;0;0;0
2025 Tana;2025;Tana;0;100;0;0;0;.;0;0;0
2027 Nesseby;2027;Nesseby;0;100;0;0;0;.;0;0;0
2028 Båtsfjord;2028;Båtsfjord;0;100;0;0;0;.;0;0;0
2030 Sør-Varanger;2030;Sør-Varanger;10;100;9;90;1;10;9;1;0
99 Uoppgitt kommune;9999;Uoppgitt kommune;;;;;;;;;
