kommune_nr-kommunenavn;kommune_nr;kommunenavn;avslutning_arsak_8.alle;avslutning_arsak_8.kvalifisering;avslutning_arsak_8.gr_skole;avslutning_arsak_8.utdanning;avslutning_arsak_8.arbeid;avslutning_arsak_8.sos_stnd;avslutning_arsak_8.trygd_annen;avslutning_arsak_8.annet;avslutning_arsak_8.kvalifisering;avslutning_arsak_8.gr_skole;avslutning_arsak_8.utdanning;avslutning_arsak_8.arbeid;avslutning_arsak_8.sos_stnd;avslutning_arsak_8.trygd_annen;avslutning_arsak_8.annet;avslutning_arsak_3.alle;avslutning_arsak_3.arbutd;avslutning_arsak_3.annet;avslutning_arsak_3.arbutd;avslutning_arsak_3.annet;avslutning_arsak_8.alle;avslutning_arsak_8.alle;avslutning_arsak_8.kvalifisering;avslutning_arsak_8.kvalifisering;avslutning_arsak_8.gr_skole;avslutning_arsak_8.gr_skole;avslutning_arsak_8.utdanning;avslutning_arsak_8.utdanning;avslutning_arsak_8.arbeid;avslutning_arsak_8.arbeid;avslutning_arsak_8.sos_stnd;avslutning_arsak_8.sos_stnd;avslutning_arsak_8.trygd_annen;avslutning_arsak_8.trygd_annen;avslutning_arsak_8.annet;avslutning_arsak_8.annet;avslutning_arsak_8.kvalifisering;avslutning_arsak_8.kvalifisering;avslutning_arsak_8.gr_skole;avslutning_arsak_8.gr_skole;avslutning_arsak_8.utdanning;avslutning_arsak_8.utdanning;avslutning_arsak_8.arbeid;avslutning_arsak_8.arbeid;avslutning_arsak_8.sos_stnd;avslutning_arsak_8.sos_stnd;avslutning_arsak_8.trygd_annen;avslutning_arsak_8.trygd_annen;avslutning_arsak_8.annet;avslutning_arsak_8.annet;avslutning_arsak_3.alle;avslutning_arsak_3.alle;avslutning_arsak_3.arbutd;avslutning_arsak_3.arbutd;avslutning_arsak_3.annet;avslutning_arsak_3.annet;avslutning_arsak_3.arbutd;avslutning_arsak_3.arbutd;avslutning_arsak_3.annet;avslutning_arsak_3.annet
;;;kjonn.alle;kjonn.alle;kjonn.alle;kjonn.alle;kjonn.alle;kjonn.alle;kjonn.alle;kjonn.alle;kjonn.alle;kjonn.alle;kjonn.alle;kjonn.alle;kjonn.alle;kjonn.alle;kjonn.alle;kjonn.alle;kjonn.alle;kjonn.alle;kjonn.alle;kjonn.alle;kjonn.0;kjonn.1;kjonn.0;kjonn.1;kjonn.0;kjonn.1;kjonn.0;kjonn.1;kjonn.0;kjonn.1;kjonn.0;kjonn.1;kjonn.0;kjonn.1;kjonn.0;kjonn.1;kjonn.0;kjonn.1;kjonn.0;kjonn.1;kjonn.0;kjonn.1;kjonn.0;kjonn.1;kjonn.0;kjonn.1;kjonn.0;kjonn.1;kjonn.0;kjonn.1;kjonn.0;kjonn.1;kjonn.0;kjonn.1;kjonn.0;kjonn.1;kjonn.0;kjonn.1;kjonn.0;kjonn.1
;;;enhet.personer;enhet.personer;enhet.personer;enhet.personer;enhet.personer;enhet.personer;enhet.personer;enhet.personer;enhet.prosent;enhet.prosent;enhet.prosent;enhet.prosent;enhet.prosent;enhet.prosent;enhet.prosent;enhet.personer;enhet.personer;enhet.personer;enhet.prosent;enhet.prosent;enhet.personer;enhet.personer;enhet.personer;enhet.personer;enhet.personer;enhet.personer;enhet.personer;enhet.personer;enhet.personer;enhet.personer;enhet.personer;enhet.personer;enhet.personer;enhet.personer;enhet.personer;enhet.personer;enhet.prosent;enhet.prosent;enhet.prosent;enhet.prosent;enhet.prosent;enhet.prosent;enhet.prosent;enhet.prosent;enhet.prosent;enhet.prosent;enhet.prosent;enhet.prosent;enhet.prosent;enhet.prosent;enhet.personer;enhet.personer;enhet.personer;enhet.personer;enhet.personer;enhet.personer;enhet.prosent;enhet.prosent;enhet.prosent;enhet.prosent
0101 Halden;101;Halden;:;:;:;:;:;:;:;:;:;:;:;:;:;:;:;:;:;:;:;.;:;:;:;:;:;:;:;:;:;:;:;:;:;:;:;:;:;:;:;:;:;:;:;:;:;:;:;:;:;:;:;:;:;:;:;:;:;:;:;:
0104 Moss;104;Moss;27;5;:;:;11;:;:;:;18,5185185;:;:;40,7407407;:;:;:;27;15;12;55,55555556;56,52173913;14;13;:;:;:;:;:;:;5;6;:;:;:;:;:;:;:;:;:;:;:;:;35,71428571;46,15384615;:;:;:;:;:;:;14;13;6;9;8;:;42,85714286;69,23076923;57,14285714;:
0105 Sarpsborg;105;Sarpsborg;31;:;:;9;7;7;:;:;:;:;29,0322581;22,5806452;22,5806452;:;:;31;16;15;51,61290323;38,88888889;14;17;:;:;:;:;:;5;:;5;6;:;:;:;:;:;:;:;:;:;:;29,41176471;:;29,41176471;42,85714286;:;:;:;:;:;14;17;6;10;8;7;42,85714286;58,82352941;57,14285714;41,17647059
0106 Fredrikstad;106;Fredrikstad;38;5;:;7;6;11;:;6;13,1578947;:;18,4210526;15,7894737;28,9473684;:;15,7894737;38;13;25;34,21052632;.;16;22;:;:;:;:;:;5;:;5;6;5;:;:;:;:;:;:;:;:;:;22,72727273;:;22,72727273;37,5;22,72727273;:;:;:;:;16;22;:;10;13;12;:;45,45454545;81,25;54,54545455
0111 Hvaler;111;Hvaler;:;:;:;:;:;:;:;:;:;:;:;:;:;:;:;:;:;:;:;53,33333333;:;:;:;:;:;:;:;:;:;:;:;:;:;:;:;:;:;:;:;:;:;:;:;:;:;:;:;:;:;:;:;:;:;:;:;:;:;:;:;:
0118 Aremark;118;Aremark;.;.;.;.;.;.;.;.;.;.;.;.;.;.;.;.;.;.;.;.;.;.;.;.;.;.;.;.;.;.;.;.;.;.;.;.;.;.;.;.;.;.;.;.;.;.;.;.;.;.;.;.;.;.;.;.;.;.;.;.
0119 Marker;119;Marker;:;:;:;:;:;:;:;:;:;:;:;:;:;:;:;:;:;:;:;.;:;:;:;:;:;:;:;:;:;:;:;:;:;:;:;:;:;:;:;:;:;:;:;:;:;:;:;:;:;:;:;:;:;:;:;:;:;:;:;:
0121 Rømskog;121;Rømskog;.;.;.;.;.;.;.;.;.;.;.;.;.;.;.;.;.;.;.;.;.;.;.;.;.;.;.;.;.;.;.;.;.;.;.;.;.;.;.;.;.;.;.;.;.;.;.;.;.;.;.;.;.;.;.;.;.;.;.;.
0122 Trøgstad;122;Trøgstad;:;:;:;:;:;:;:;:;:;:;:;:;:;:;:;:;:;:;:;.;:;:;:;:;:;:;:;:;:;:;:;:;:;:;:;:;:;:;:;:;:;:;:;:;:;:;:;:;:;:;:;:;:;:;:;:;:;:;:;:
0123 Spydeberg;123;Spydeberg;5;:;:;:;:;:;:;:;:;:;:;:;:;:;:;5;:;:;:;.;:;5;:;:;:;:;:;:;:;:;:;:;:;:;:;:;:;:;:;:;:;:;:;:;:;:;:;:;:;:;:;:;:;:;:;:;:;:;:;:
0124 Askim;124;Askim;:;:;:;:;:;:;:;:;:;:;:;:;:;:;:;:;:;:;:;:;:;:;:;:;:;:;:;:;:;:;:;:;:;:;:;:;:;:;:;:;:;:;:;:;:;:;:;:;:;:;:;:;:;:;:;:;:;:;:;:
0125 Eidsberg;125;Eidsberg;:;:;:;:;:;:;:;:;:;:;:;:;:;:;:;:;:;:;:;.;:;:;:;:;:;:;:;:;:;:;:;:;:;:;:;:;:;:;:;:;:;:;:;:;:;:;:;:;:;:;:;:;:;:;:;:;:;:;:;:
0127 Skiptvet;127;Skiptvet;:;:;:;:;:;:;:;:;:;:;:;:;:;:;:;:;:;:;:;.;:;:;:;:;:;:;:;:;:;:;:;:;:;:;:;:;:;:;:;:;:;:;:;:;:;:;:;:;:;:;:;:;:;:;:;:;:;:;:;:
0128 Rakkestad;128;Rakkestad;.;.;.;.;.;.;.;.;.;.;.;.;.;.;.;.;.;.;.;.;.;.;.;.;.;.;.;.;.;.;.;.;.;.;.;.;.;.;.;.;.;.;.;.;.;.;.;.;.;.;.;.;.;.;.;.;.;.;.;.
0135 Råde;135;Råde;.;.;.;.;.;.;.;.;.;.;.;.;.;.;.;.;.;.;.;.;.;.;.;.;.;.;.;.;.;.;.;.;.;.;.;.;.;.;.;.;.;.;.;.;.;.;.;.;.;.;.;.;.;.;.;.;.;.;.;.
0136 Rygge;136;Rygge;.;.;.;.;.;.;.;.;.;.;.;.;.;.;.;.;.;.;.;.;.;.;.;.;.;.;.;.;.;.;.;.;.;.;.;.;.;.;.;.;.;.;.;.;.;.;.;.;.;.;.;.;.;.;.;.;.;.;.;.
0137 Våler (Østfold);137;Våler (Østf.);.;.;.;.;.;.;.;.;.;.;.;.;.;.;.;.;.;.;.;.;.;.;.;.;.;.;.;.;.;.;.;.;.;.;.;.;.;.;.;.;.;.;.;.;.;.;.;.;.;.;.;.;.;.;.;.;.;.;.;.
0138 Hobøl;138;Hobøl;.;.;.;.;.;.;.;.;.;.;.;.;.;.;.;.;.;.;.;100;.;.;.;.;.;.;.;.;.;.;.;.;.;.;.;.;.;.;.;.;.;.;.;.;.;.;.;.;.;.;.;.;.;.;.;.;.;.;.;.
0211 Vestby;211;Vestby;5;:;:;:;:;:;:;:;:;:;:;:;:;:;:;5;:;:;:;:;:;:;:;:;:;:;:;:;:;:;:;:;:;:;:;:;:;:;:;:;:;:;:;:;:;:;:;:;:;:;:;:;:;:;:;:;:;:;:;:
0213 Ski;213;Ski;28;:;8;10;:;:;:;:;:;28,5714286;35,7142857;:;:;:;:;28;14;14;50;:;16;12;:;:;7;:;5;5;:;:;:;:;:;:;:;:;:;:;43,75;:;31,25;41,66666667;:;:;:;:;:;:;:;:;16;12;7;7;9;5;43,75;58,33333333;56,25;41,66666667
0214 Ås;214;Ås;6;:;:;:;:;:;:;:;:;:;:;:;:;:;:;6;:;:;:;:;:;6;:;:;:;:;:;:;:;:;:;:;:;:;:;:;:;:;:;:;:;:;:;:;:;:;:;:;:;:;:;:;:;:;:;:;:;:;:;:
0215 Frogn;215;Frogn;:;:;:;:;:;:;:;:;:;:;:;:;:;:;:;:;:;:;:;0;:;:;:;:;:;:;:;:;:;:;:;:;:;:;:;:;:;:;:;:;:;:;:;:;:;:;:;:;:;:;:;:;:;:;:;:;:;:;:;:
0216 Nesodden;216;Nesodden;7;:;:;:;:;:;:;:;:;:;:;:;:;:;:;7;:;:;:;avsluttning_arsak_3.annet;5;:;:;:;:;:;:;:;:;:;:;:;:;:;:;:;:;:;:;:;:;:;:;:;:;:;:;:;:;:;:;:;:;:;:;:;:;:;:;:
0217 Oppegård;217;Oppegård;23;10;:;:;7;:;:;:;43,4782609;:;:;30,4347826;:;:;:;23;8;15;34,7826087;kjonn.alle;11;12;5;5;:;:;:;:;:;5;:;:;:;:;:;:;45,45454545;41,66666667;:;:;:;:;:;41,66666667;:;:;:;:;:;:;11;12;:;6;9;6;:;50;81,81818182;50
0219 Bærum;219;Bærum;61;:;:;12;19;8;:;19;:;:;19,6721311;31,147541;13,1147541;:;31,147541;61;31;30;50,81967213;enhet.prosent;37;24;:;:;:;:;8;:;10;9;5;:;:;:;14;5;:;:;:;:;21,62162162;:;27,02702703;37,5;13,51351351;:;:;:;37,83783784;20,83333333;37;24;18;13;19;11;48,64864865;54,16666667;51,35135135;45,83333333
0220 Asker;220;Asker;30;:;:;10;12;:;:;:;:;:;33,3333333;40;:;:;:;30;22;8;73,33333333;.;18;12;:;:;:;:;6;:;5;7;:;:;:;:;:;:;:;:;:;:;33,33333333;:;27,77777778;58,33333333;:;:;:;:;:;:;18;12;11;11;7;:;61,11111111;91,66666667;38,88888889;:
0221 Aurskog Høland;221;Aurskog-Høland;:;:;:;:;:;:;:;:;:;:;:;:;:;:;:;:;:;:;:;56,52173913;:;:;:;:;:;:;:;:;:;:;:;:;:;:;:;:;:;:;:;:;:;:;:;:;:;:;:;:;:;:;:;:;:;:;:;:;:;:;:;:
0226 Sørum;226;Sørum;:;:;:;:;:;:;:;:;:;:;:;:;:;:;:;:;:;:;:;38,88888889;:;:;:;:;:;:;:;:;:;:;:;:;:;:;:;:;:;:;:;:;:;:;:;:;:;:;:;:;:;:;:;:;:;:;:;:;:;:;:;:
0227 Fet;227;Fet;.;.;.;.;.;.;.;.;.;.;.;.;.;.;.;.;.;.;.;.;.;.;.;.;.;.;.;.;.;.;.;.;.;.;.;.;.;.;.;.;.;.;.;.;.;.;.;.;.;.;.;.;.;.;.;.;.;.;.;.
0228 Rælingen;228;Rælingen;14;:;:;:;13;:;:;:;:;:;:;92,8571429;:;:;:;14;:;:;100;53,33333333;8;6;:;:;:;:;:;:;8;5;:;:;:;:;:;:;:;:;:;:;:;:;100;83,33333333;:;:;:;:;:;:;8;6;8;6;:;:;100;100;:;:
0229 Enebakk;229;Enebakk;:;:;:;:;:;:;:;:;:;:;:;:;:;:;:;:;:;:;:;.;:;:;:;:;:;:;:;:;:;:;:;:;:;:;:;:;:;:;:;:;:;:;:;:;:;:;:;:;:;:;:;:;:;:;:;:;:;:;:;:
0230 Lørenskog;230;Lørenskog;17;:;:;5;5;:;:;:;:;:;29,4117647;29,4117647;:;:;:;17;10;7;58,82352941;.;6;11;:;:;:;:;:;:;:;5;:;:;:;:;:;:;:;:;:;:;:;:;:;45,45454545;:;:;:;:;:;:;6;11;:;7;:;:;:;63,63636364;:;:
0231 Skedsmo;231;Skedsmo;35;9;:;5;11;:;:;7;25,7142857;:;14,2857143;31,4285714;:;:;20;35;16;19;45,71428571;.;18;17;5;:;:;:;:;:;:;7;:;:;:;:;5;:;27,77777778;:;:;:;:;:;:;41,17647059;:;:;:;:;27,77777778;:;18;17;7;9;11;8;38,88888889;52,94117647;61,11111111;47,05882353
0233 Nittedal;233;Nittedal;:;:;:;:;:;:;:;:;:;:;:;:;:;:;:;:;:;:;:;.;:;:;:;:;:;:;:;:;:;:;:;:;:;:;:;:;:;:;:;:;:;:;:;:;:;:;:;:;:;:;:;:;:;:;:;:;:;:;:;:
0234 Gjerdrum;234;Gjerdrum;.;.;.;.;.;.;.;.;.;.;.;.;.;.;.;.;.;.;.;.;.;.;.;.;.;.;.;.;.;.;.;.;.;.;.;.;.;.;.;.;.;.;.;.;.;.;.;.;.;.;.;.;.;.;.;.;.;.;.;.
0235 Ullensaker;235;Ullensaker;:;:;:;:;:;:;:;:;:;:;:;:;:;:;:;:;:;:;:;:;:;:;:;:;:;:;:;:;:;:;:;:;:;:;:;:;:;:;:;:;:;:;:;:;:;:;:;:;:;:;:;:;:;:;:;:;:;:;:;:
0236 Nes (Akershus);236;Nes (Ak.);12;:;:;:;7;:;:;:;:;:;:;58,3333333;:;:;:;12;:;:;83,33333333;.;7;5;:;:;:;:;:;:;:;:;:;:;:;:;:;:;:;:;:;:;:;:;:;:;:;:;:;:;:;:;7;5;5;5;:;:;71,42857143;100;:;:
0237 Eidsvoll;237;Eidsvoll;:;:;:;:;:;:;:;:;:;:;:;:;:;:;:;:;:;:;:;.;:;:;:;:;:;:;:;:;:;:;:;:;:;:;:;:;:;:;:;:;:;:;:;:;:;:;:;:;:;:;:;:;:;:;:;:;:;:;:;:
0238 Nannestad;238;Nannestad;.;.;.;.;.;.;.;.;.;.;.;.;.;.;.;.;.;.;.;.;.;.;.;.;.;.;.;.;.;.;.;.;.;.;.;.;.;.;.;.;.;.;.;.;.;.;.;.;.;.;.;.;.;.;.;.;.;.;.;.
0239 Hurdal;239;Hurdal;:;:;:;:;:;:;:;:;:;:;:;:;:;:;:;:;:;:;:;.;:;:;:;:;:;:;:;:;:;:;:;:;:;:;:;:;:;:;:;:;:;:;:;:;:;:;:;:;:;:;:;:;:;:;:;:;:;:;:;:
0301 Oslo;301;Oslo kommune;309;79;12;29;102;32;11;44;25,566343;3,8834951;9,3851133;33,0097087;10,3559871;3,5598706;14,2394822;309;131;178;42,39482201;.;154;155;47;32;9;:;12;17;30;72;19;13;10;:;27;17;30,51948052;20,64516129;5,844155844;:;7,792207792;10,96774194;19,48051948;46,4516129;12,33766234;8,387096774;6,493506494;:;17,53246753;10,96774194;154;155;42;89;112;66;27,27272727;57,41935484;72,72727273;42,58064516
0402 Kongsvinger;402;Kongsvinger;.;.;.;.;.;.;.;.;.;.;.;.;.;.;.;.;.;.;.;.;.;.;.;.;.;.;.;.;.;.;.;.;.;.;.;.;.;.;.;.;.;.;.;.;.;.;.;.;.;.;.;.;.;.;.;.;.;.;.;.
0403 Hamar;403;Hamar;22;:;:;6;9;:;:;:;:;:;27,2727273;40,9090909;:;:;:;22;15;7;68,18181818;100;9;13;:;:;:;:;:;:;:;7;:;:;:;:;:;:;:;:;:;:;:;:;:;53,84615385;:;:;:;:;:;:;9;13;5;10;:;:;55,55555556;76,92307692;:;:
0412 Ringsaker;412;Ringsaker;9;:;:;:;:;:;:;:;:;:;:;:;:;:;:;9;:;:;:;:;9;:;:;:;:;:;:;:;:;:;:;:;:;:;:;:;:;:;:;:;:;:;:;:;:;:;:;:;:;:;:;:;:;:;5;:;:;:;55,55555556;:
0415 Løten;415;Løten;:;:;:;:;:;:;:;:;:;:;:;:;:;:;:;:;:;:;:;:;:;:;:;:;:;:;:;:;:;:;:;:;:;:;:;:;:;:;:;:;:;:;:;:;:;:;:;:;:;:;:;:;:;:;:;:;:;:;:;:
0417 Stange;417;Stange;13;:;:;:;5;:;:;:;:;:;:;38,4615385;:;:;:;13;8;5;61,53846154;:;10;:;:;:;:;:;:;:;:;:;:;:;:;:;:;:;:;:;:;:;:;:;:;:;:;:;:;:;:;:;:;:;6;:;:;:;60;:;:;:
0418 Nord-Odal;418;Nord-Odal;.;.;.;.;.;.;.;.;.;.;.;.;.;.;.;.;.;.;.;0;.;.;.;.;.;.;.;.;.;.;.;.;.;.;.;.;.;.;.;.;.;.;.;.;.;.;.;.;.;.;.;.;.;.;.;.;.;.;.;.
0419 Sør-Odal;419;Sør-Odal;5;:;:;:;:;:;:;:;:;:;:;:;:;:;:;5;:;:;:;avsluttning_arsak_3.annet;:;:;:;:;:;:;:;:;:;:;:;:;:;:;:;:;:;:;:;:;:;:;:;:;:;:;:;:;:;:;:;:;:;:;:;:;:;:;:;:
0420 Eidskog;420;Eidskog;:;:;:;:;:;:;:;:;:;:;:;:;:;:;:;:;:;:;:;kjonn.alle;:;:;:;:;:;:;:;:;:;:;:;:;:;:;:;:;:;:;:;:;:;:;:;:;:;:;:;:;:;:;:;:;:;:;:;:;:;:;:;:
0423 Grue;423;Grue;:;:;:;:;:;:;:;:;:;:;:;:;:;:;:;:;:;:;:;enhet.prosent;:;:;:;:;:;:;:;:;:;:;:;:;:;:;:;:;:;:;:;:;:;:;:;:;:;:;:;:;:;:;:;:;:;:;:;:;:;:;:;:
0425 Åsnes;425;Åsnes;:;:;:;:;:;:;:;:;:;:;:;:;:;:;:;:;:;:;:;.;:;:;:;:;:;:;:;:;:;:;:;:;:;:;:;:;:;:;:;:;:;:;:;:;:;:;:;:;:;:;:;:;:;:;:;:;:;:;:;:
0426 Våler (Hedm.);426;Våler (Hedm.);.;.;.;.;.;.;.;.;.;.;.;.;.;.;.;.;.;.;.;56,52173913;.;.;.;.;.;.;.;.;.;.;.;.;.;.;.;.;.;.;.;.;.;.;.;.;.;.;.;.;.;.;.;.;.;.;.;.;.;.;.;.
0427 Elverum;427;Elverum;11;:;5;:;:;:;:;:;:;45,4545455;:;:;:;:;:;11;:;:;:;38,88888889;6;5;:;:;:;:;:;:;:;:;:;:;:;:;:;:;:;:;:;:;:;:;:;:;:;:;:;:;:;:;6;5;:;:;6;:;:;:;100;:
0428 Trysil;428;Trysil;5;:;:;:;:;:;:;:;:;:;:;:;:;:;:;5;:;:;:;.;:;:;:;:;:;:;:;:;:;:;:;:;:;:;:;:;:;:;:;:;:;:;:;:;:;:;:;:;:;:;:;:;:;:;:;:;:;:;:;:
0429 Åmot;429;Åmot;.;.;.;.;.;.;.;.;.;.;.;.;.;.;.;.;.;.;.;53,33333333;.;.;.;.;.;.;.;.;.;.;.;.;.;.;.;.;.;.;.;.;.;.;.;.;.;.;.;.;.;.;.;.;.;.;.;.;.;.;.;.
0430 Stor-Elvdal;430;Stor-Elvdal;:;:;:;:;:;:;:;:;:;:;:;:;:;:;:;:;:;:;:;.;:;:;:;:;:;:;:;:;:;:;:;:;:;:;:;:;:;:;:;:;:;:;:;:;:;:;:;:;:;:;:;:;:;:;:;:;:;:;:;:
0432 Rendalen;432;Rendalen;.;.;.;.;.;.;.;.;.;.;.;.;.;.;.;.;.;.;.;.;.;.;.;.;.;.;.;.;.;.;.;.;.;.;.;.;.;.;.;.;.;.;.;.;.;.;.;.;.;.;.;.;.;.;.;.;.;.;.;.
0434 Engerdal;434;Engerdal;.;.;.;.;.;.;.;.;.;.;.;.;.;.;.;.;.;.;.;.;.;.;.;.;.;.;.;.;.;.;.;.;.;.;.;.;.;.;.;.;.;.;.;.;.;.;.;.;.;.;.;.;.;.;.;.;.;.;.;.
0436 Tolga;436;Tolga;:;:;:;:;:;:;:;:;:;:;:;:;:;:;:;:;:;:;:;.;:;:;:;:;:;:;:;:;:;:;:;:;:;:;:;:;:;:;:;:;:;:;:;:;:;:;:;:;:;:;:;:;:;:;:;:;:;:;:;:
0437 Tynset;437;Tynset;:;:;:;:;:;:;:;:;:;:;:;:;:;:;:;:;:;:;:;.;:;:;:;:;:;:;:;:;:;:;:;:;:;:;:;:;:;:;:;:;:;:;:;:;:;:;:;:;:;:;:;:;:;:;:;:;:;:;:;:
0438 Alvdal;438;Alvdal;:;:;:;:;:;:;:;:;:;:;:;:;:;:;:;:;:;:;:;:;:;:;:;:;:;:;:;:;:;:;:;:;:;:;:;:;:;:;:;:;:;:;:;:;:;:;:;:;:;:;:;:;:;:;:;:;:;:;:;:
0439 Folldal;439;Folldal;.;.;.;.;.;.;.;.;.;.;.;.;.;.;.;.;.;.;.;.;.;.;.;.;.;.;.;.;.;.;.;.;.;.;.;.;.;.;.;.;.;.;.;.;.;.;.;.;.;.;.;.;.;.;.;.;.;.;.;.
0441 Os (Hedm.);441;Os (Hedm.);.;.;.;.;.;.;.;.;.;.;.;.;.;.;.;.;.;.;.;.;.;.;.;.;.;.;.;.;.;.;.;.;.;.;.;.;.;.;.;.;.;.;.;.;.;.;.;.;.;.;.;.;.;.;.;.;.;.;.;.
0501 Lillehammer;501;Lillehammer;21;:;:;:;:;9;:;:;:;:;:;:;42,8571429;:;:;21;6;15;28,57142857;.;11;10;:;:;:;:;:;:;:;:;5;:;:;:;:;:;:;:;:;:;:;:;:;:;45,45454545;:;:;:;:;:;11;10;:;:;7;8;:;:;63,63636364;80
0502 Gjøvik;502;Gjøvik;21;:;5;:;:;:;:;:;:;23,8095238;:;:;:;:;:;21;8;13;38,0952381;.;10;11;:;:;:;:;:;:;:;:;:;:;:;:;:;:;:;:;:;:;:;:;:;:;:;:;:;:;:;:;10;11;:;5;7;6;:;45,45454545;70;54,54545455
0511 Dovre;511;Dovre;5;:;:;:;:;:;:;:;:;:;:;:;:;:;:;5;:;:;:;.;:;:;:;:;:;:;:;:;:;:;:;:;:;:;:;:;:;:;:;:;:;:;:;:;:;:;:;:;:;:;:;:;:;:;:;:;:;:;:;:
0512 Lesja;512;Lesja;.;.;.;.;.;.;.;.;.;.;.;.;.;.;.;.;.;.;.;.;.;.;.;.;.;.;.;.;.;.;.;.;.;.;.;.;.;.;.;.;.;.;.;.;.;.;.;.;.;.;.;.;.;.;.;.;.;.;.;.
0513 Skjåk;513;Skjåk;:;:;:;:;:;:;:;:;:;:;:;:;:;:;:;:;:;:;:;100;:;:;:;:;:;:;:;:;:;:;:;:;:;:;:;:;:;:;:;:;:;:;:;:;:;:;:;:;:;:;:;:;:;:;:;:;:;:;:;:
0514 Lom;514;Lom;:;:;:;:;:;:;:;:;:;:;:;:;:;:;:;:;:;:;:;:;:;:;:;:;:;:;:;:;:;:;:;:;:;:;:;:;:;:;:;:;:;:;:;:;:;:;:;:;:;:;:;:;:;:;:;:;:;:;:;:
0515 Vågå;515;Vågå;:;:;:;:;:;:;:;:;:;:;:;:;:;:;:;:;:;:;:;:;:;:;:;:;:;:;:;:;:;:;:;:;:;:;:;:;:;:;:;:;:;:;:;:;:;:;:;:;:;:;:;:;:;:;:;:;:;:;:;:
0516 Nord-Fron;516;Nord-Fron;:;:;:;:;:;:;:;:;:;:;:;:;:;:;:;:;:;:;:;:;:;:;:;:;:;:;:;:;:;:;:;:;:;:;:;:;:;:;:;:;:;:;:;:;:;:;:;:;:;:;:;:;:;:;:;:;:;:;:;:
0517 Sel;517;Sel;6;5;:;:;:;:;:;:;83,3333333;:;:;:;:;:;:;6;:;:;:;0;:;5;:;:;:;:;:;:;:;:;:;:;:;:;:;:;:;:;:;:;:;:;:;:;:;:;:;:;:;:;:;:;:;:;:;:;:;:;:;:
0519 Sør-Fron;519;Sør-Fron;.;.;.;.;.;.;.;.;.;.;.;.;.;.;.;.;.;.;.;avsluttning_arsak_3.annet;.;.;.;.;.;.;.;.;.;.;.;.;.;.;.;.;.;.;.;.;.;.;.;.;.;.;.;.;.;.;.;.;.;.;.;.;.;.;.;.
0520 Ringebu;520;Ringebu;:;:;:;:;:;:;:;:;:;:;:;:;:;:;:;:;:;:;:;kjonn.alle;:;:;:;:;:;:;:;:;:;:;:;:;:;:;:;:;:;:;:;:;:;:;:;:;:;:;:;:;:;:;:;:;:;:;:;:;:;:;:;:
0521 Øyer;521;Øyer;9;:;:;:;:;:;:;:;:;:;:;:;:;:;:;9;:;:;:;enhet.prosent;:;5;:;:;:;:;:;:;:;:;:;:;:;:;:;:;:;:;:;:;:;:;:;:;:;:;:;:;:;:;:;:;:;:;:;:;:;:;:;:
0522 Gausdal;522;Gausdal;:;:;:;:;:;:;:;:;:;:;:;:;:;:;:;:;:;:;:;.;:;:;:;:;:;:;:;:;:;:;:;:;:;:;:;:;:;:;:;:;:;:;:;:;:;:;:;:;:;:;:;:;:;:;:;:;:;:;:;:
0528 Østre Toten;528;Østre Toten;7;:;:;:;:;:;:;:;:;:;:;:;:;:;:;7;:;:;:;56,52173913;:;:;:;:;:;:;:;:;:;:;:;:;:;:;:;:;:;:;:;:;:;:;:;:;:;:;:;:;:;:;:;:;:;:;:;:;:;:;:;:
0529 Vestre Toten;529;Vestre Toten;.;.;.;.;.;.;.;.;.;.;.;.;.;.;.;.;.;.;.;38,88888889;.;.;.;.;.;.;.;.;.;.;.;.;.;.;.;.;.;.;.;.;.;.;.;.;.;.;.;.;.;.;.;.;.;.;.;.;.;.;.;.
0532 Jevnaker;532;Jevnaker;:;:;:;:;:;:;:;:;:;:;:;:;:;:;:;:;:;:;:;.;:;:;:;:;:;:;:;:;:;:;:;:;:;:;:;:;:;:;:;:;:;:;:;:;:;:;:;:;:;:;:;:;:;:;:;:;:;:;:;:
0533 Lunner;533;Lunner;23;8;:;6;:;:;:;:;34,7826087;:;26,0869565;:;:;:;:;23;9;14;39,13043478;53,33333333;10;13;6;:;:;:;:;:;:;:;:;:;:;:;:;:;60;:;:;:;:;:;:;:;:;:;:;:;:;:;10;13;:;5;6;8;:;38,46153846;60;61,53846154
0534 Gran;534;Gran;24;5;7;:;6;:;:;:;20,8333333;29,1666667;:;25;:;:;:;24;8;16;33,33333333;.;11;13;:;:;6;:;:;:;:;:;:;:;:;:;:;:;:;:;54,54545455;:;:;:;:;:;:;:;:;:;:;:;11;13;:;6;9;7;:;46,15384615;81,81818182;53,84615385
0536 Søndre Land;536;Søndre Land;:;:;:;:;:;:;:;:;:;:;:;:;:;:;:;:;:;:;:;.;:;:;:;:;:;:;:;:;:;:;:;:;:;:;:;:;:;:;:;:;:;:;:;:;:;:;:;:;:;:;:;:;:;:;:;:;:;:;:;:
0538 Nordre Land;538;Nordre Land;8;:;:;:;:;:;:;:;:;:;:;:;:;:;:;8;:;:;:;.;:;:;:;:;:;:;:;:;:;:;:;:;:;:;:;:;:;:;:;:;:;:;:;:;:;:;:;:;:;:;:;:;:;:;:;:;:;:;:;:
0540 Sør-Aurdal;540;Sør-Aurdal;:;:;:;:;:;:;:;:;:;:;:;:;:;:;:;:;:;:;:;.;:;:;:;:;:;:;:;:;:;:;:;:;:;:;:;:;:;:;:;:;:;:;:;:;:;:;:;:;:;:;:;:;:;:;:;:;:;:;:;:
0541 Etnedal;541;Etnedal;:;:;:;:;:;:;:;:;:;:;:;:;:;:;:;:;:;:;:;.;:;:;:;:;:;:;:;:;:;:;:;:;:;:;:;:;:;:;:;:;:;:;:;:;:;:;:;:;:;:;:;:;:;:;:;:;:;:;:;:
0542 Nord-Aurdal;542;Nord-Aurdal;9;:;:;:;:;:;:;7;:;:;:;:;:;:;77,7777778;9;:;:;:;:;:;8;:;:;:;:;:;:;:;:;:;:;:;:;:;6;:;:;:;:;:;:;:;:;:;:;:;:;:;75;:;:;:;:;:;6;:;:;:;75
0543 Vestre Slidre;543;Vestre Slidre;:;:;:;:;:;:;:;:;:;:;:;:;:;:;:;:;:;:;:;.;:;:;:;:;:;:;:;:;:;:;:;:;:;:;:;:;:;:;:;:;:;:;:;:;:;:;:;:;:;:;:;:;:;:;:;:;:;:;:;:
0544 Øystre Slidre;544;Øystre Slidre;:;:;:;:;:;:;:;:;:;:;:;:;:;:;:;:;:;:;:;.;:;:;:;:;:;:;:;:;:;:;:;:;:;:;:;:;:;:;:;:;:;:;:;:;:;:;:;:;:;:;:;:;:;:;:;:;:;:;:;:
0545 Vang;545;Vang;:;:;:;:;:;:;:;:;:;:;:;:;:;:;:;:;:;:;:;.;:;:;:;:;:;:;:;:;:;:;:;:;:;:;:;:;:;:;:;:;:;:;:;:;:;:;:;:;:;:;:;:;:;:;:;:;:;:;:;:
0602 Drammen;602;Drammen;55;21;9;9;11;:;:;:;38,1818182;16,3636364;16,3636364;20;:;:;:;55;20;35;36,36363636;.;25;30;11;10;:;7;6;:;:;8;:;:;:;:;:;:;44;33,33333333;:;23,33333333;24;:;:;26,66666667;:;:;:;:;:;:;25;30;9;11;16;19;36;36,66666667;64;63,33333333
0604 Kongsberg;604;Kongsberg;16;:;:;:;7;:;:;:;:;:;:;43,75;:;:;:;16;9;7;56,25;.;10;6;:;:;:;:;:;:;:;:;:;:;:;:;:;:;:;:;:;:;:;:;:;:;:;:;:;:;:;:;10;6;6;:;:;:;60;:;:;:
0605 Ringerike;605;Ringerike;10;:;:;:;:;:;:;:;:;:;:;:;:;:;:;10;5;5;50;.;:;7;:;:;:;:;:;:;:;:;:;:;:;:;:;:;:;:;:;:;:;:;:;:;:;:;:;:;:;:;:;:;:;:;:;:;:;:;:;:
0612 Hole;612;Hole;:;:;:;:;:;:;:;:;:;:;:;:;:;:;:;:;:;:;:;100;:;:;:;:;:;:;:;:;:;:;:;:;:;:;:;:;:;:;:;:;:;:;:;:;:;:;:;:;:;:;:;:;:;:;:;:;:;:;:;:
0615 Flå;615;Flå;.;.;.;.;.;.;.;.;.;.;.;.;.;.;.;.;.;.;.;:;.;.;.;.;.;.;.;.;.;.;.;.;.;.;.;.;.;.;.;.;.;.;.;.;.;.;.;.;.;.;.;.;.;.;.;.;.;.;.;.
0616 Nes (Busk.);616;Nes (Busk.);:;:;:;:;:;:;:;:;:;:;:;:;:;:;:;:;:;:;:;:;:;:;:;:;:;:;:;:;:;:;:;:;:;:;:;:;:;:;:;:;:;:;:;:;:;:;:;:;:;:;:;:;:;:;:;:;:;:;:;:
0617 Gol;617;Gol;:;:;:;:;:;:;:;:;:;:;:;:;:;:;:;:;:;:;:;:;:;:;:;:;:;:;:;:;:;:;:;:;:;:;:;:;:;:;:;:;:;:;:;:;:;:;:;:;:;:;:;:;:;:;:;:;:;:;:;:
0618 Hemsedal;618;Hemsedal;:;:;:;:;:;:;:;:;:;:;:;:;:;:;:;:;:;:;:;0;:;:;:;:;:;:;:;:;:;:;:;:;:;:;:;:;:;:;:;:;:;:;:;:;:;:;:;:;:;:;:;:;:;:;:;:;:;:;:;:
0619 Ål;619;Ål;:;:;:;:;:;:;:;:;:;:;:;:;:;:;:;:;:;:;:;avsluttning_arsak_3.annet;:;:;:;:;:;:;:;:;:;:;:;:;:;:;:;:;:;:;:;:;:;:;:;:;:;:;:;:;:;:;:;:;:;:;:;:;:;:;:;:
0620 Hol;620;Hol;.;.;.;.;.;.;.;.;.;.;.;.;.;.;.;.;.;.;.;kjonn.alle;.;.;.;.;.;.;.;.;.;.;.;.;.;.;.;.;.;.;.;.;.;.;.;.;.;.;.;.;.;.;.;.;.;.;.;.;.;.;.;.
0621 Sigdal;621;Sigdal;.;.;.;.;.;.;.;.;.;.;.;.;.;.;.;.;.;.;.;enhet.prosent;.;.;.;.;.;.;.;.;.;.;.;.;.;.;.;.;.;.;.;.;.;.;.;.;.;.;.;.;.;.;.;.;.;.;.;.;.;.;.;.
0622 Krødsherad;622;Krødsherad;.;.;.;.;.;.;.;.;.;.;.;.;.;.;.;.;.;.;.;.;.;.;.;.;.;.;.;.;.;.;.;.;.;.;.;.;.;.;.;.;.;.;.;.;.;.;.;.;.;.;.;.;.;.;.;.;.;.;.;.
0623 Modum;623;Modum;:;:;:;:;:;:;:;:;:;:;:;:;:;:;:;:;:;:;:;56,52173913;:;:;:;:;:;:;:;:;:;:;:;:;:;:;:;:;:;:;:;:;:;:;:;:;:;:;:;:;:;:;:;:;:;:;:;:;:;:;:;:
0624 Øvre Eiker;624;Øvre Eiker;5;:;:;:;:;:;:;:;:;:;:;:;:;:;:;5;:;:;:;38,88888889;:;:;:;:;:;:;:;:;:;:;:;:;:;:;:;:;:;:;:;:;:;:;:;:;:;:;:;:;:;:;:;:;:;:;:;:;:;:;:;:
0625 Nedre Eiker;625;Nedre Eiker;12;:;:;5;:;:;:;:;:;:;41,6666667;:;:;:;:;12;:;:;66,66666667;.;7;5;:;:;:;:;:;:;:;:;:;:;:;:;:;:;:;:;:;:;:;:;:;:;:;:;:;:;:;:;7;5;5;:;:;:;71,42857143;:;:;:
0626 Lier;626;Lier;9;:;:;:;:;:;:;:;:;:;:;:;:;:;:;9;:;:;55,55555556;53,33333333;:;5;:;:;:;:;:;:;:;:;:;:;:;:;:;:;:;:;:;:;:;:;:;:;:;:;:;:;:;:;:;:;:;:;:;:;:;:;:;:
0627 Røyken;627;Røyken;:;:;:;:;:;:;:;:;:;:;:;:;:;:;:;:;:;:;:;.;:;:;:;:;:;:;:;:;:;:;:;:;:;:;:;:;:;:;:;:;:;:;:;:;:;:;:;:;:;:;:;:;:;:;:;:;:;:;:;:
0628 Hurum;628;Hurum;16;5;:;:;:;:;:;:;31,25;:;:;:;:;:;:;16;:;:;:;.;12;:;:;:;:;:;:;:;:;:;:;:;:;:;:;:;:;:;:;:;:;:;:;:;:;:;:;:;:;:;:;:;:;:;10;:;:;:;83,33333333;:
0631 Flesberg;631;Flesberg;7;:;:;:;:;:;:;:;:;:;:;:;:;:;:;7;:;:;71,42857143;.;:;6;:;:;:;:;:;:;:;:;:;:;:;:;:;:;:;:;:;:;:;:;:;:;:;:;:;:;:;:;:;:;:;:;:;:;:;:;:;:
0632 Rollag;632;Rollag;:;:;:;:;:;:;:;:;:;:;:;:;:;:;:;:;:;:;:;.;:;:;:;:;:;:;:;:;:;:;:;:;:;:;:;:;:;:;:;:;:;:;:;:;:;:;:;:;:;:;:;:;:;:;:;:;:;:;:;:
0633 Nore og Uvdal;633;Nore og Uvdal;:;:;:;:;:;:;:;:;:;:;:;:;:;:;:;:;:;:;:;.;:;:;:;:;:;:;:;:;:;:;:;:;:;:;:;:;:;:;:;:;:;:;:;:;:;:;:;:;:;:;:;:;:;:;:;:;:;:;:;:
0701 Horten;701;Horten;10;:;:;:;:;:;:;:;:;:;:;:;:;:;:;10;:;:;70;:;:;6;:;:;:;:;:;:;:;:;:;:;:;:;:;:;:;:;:;:;:;:;:;:;:;:;:;:;:;:;:;:;:;:;:;:;:;:;:;:
0702 Holmestrand;702;Holmestrand;:;:;:;:;:;:;:;:;:;:;:;:;:;:;:;:;:;:;:;.;:;:;:;:;:;:;:;:;:;:;:;:;:;:;:;:;:;:;:;:;:;:;:;:;:;:;:;:;:;:;:;:;:;:;:;:;:;:;:;:
0704 Tønsberg;704;Tønsberg;8;:;:;:;:;:;:;:;:;:;:;:;:;:;:;8;:;:;:;.;:;:;:;:;:;:;:;:;:;:;:;:;:;:;:;:;:;:;:;:;:;:;:;:;:;:;:;:;:;:;:;:;:;:;:;:;:;:;:;:
0706 Sandefjord;706;Sandefjord;10;:;:;5;:;:;:;:;:;:;50;:;:;:;:;10;:;:;80;.;:;7;:;:;:;:;:;:;:;:;:;:;:;:;:;:;:;:;:;:;:;:;:;:;:;:;:;:;:;:;:;:;:;6;:;:;:;85,71428571;:;:
0709 Larvik;709;Larvik;18;:;:;8;5;:;:;:;:;:;44,4444444;27,7777778;:;:;:;18;13;5;72,22222222;.;7;11;:;:;:;:;:;5;:;:;:;:;:;:;:;:;:;:;:;:;:;45,45454545;:;:;:;:;:;:;:;:;7;11;5;8;:;:;71,42857143;72,72727273;:;:
0711 Svelvik;711;Svelvik;.;.;.;.;.;.;.;.;.;.;.;.;.;.;.;.;.;.;.;.;.;.;.;.;.;.;.;.;.;.;.;.;.;.;.;.;.;.;.;.;.;.;.;.;.;.;.;.;.;.;.;.;.;.;.;.;.;.;.;.
0713 Sande (Vestf.);713;Sande (Vestf.);5;:;:;:;:;:;:;:;:;:;:;:;:;:;:;5;:;:;:;.;:;:;:;:;:;:;:;:;:;:;:;:;:;:;:;:;:;:;:;:;:;:;:;:;:;:;:;:;:;:;:;:;:;:;:;:;:;:;:;:
0714 Hof;714;Hof;.;.;.;.;.;.;.;.;.;.;.;.;.;.;.;.;.;.;.;100;.;.;.;.;.;.;.;.;.;.;.;.;.;.;.;.;.;.;.;.;.;.;.;.;.;.;.;.;.;.;.;.;.;.;.;.;.;.;.;.
0716 Re;716;Re (f.o.m. 2002);:;:;:;:;:;:;:;:;:;:;:;:;:;:;:;:;:;:;:;:;:;:;:;:;:;:;:;:;:;:;:;:;:;:;:;:;:;:;:;:;:;:;:;:;:;:;:;:;:;:;:;:;:;:;:;:;:;:;:;:
0719 Andebu;719;Andebu;.;.;.;.;.;.;.;.;.;.;.;.;.;.;.;.;.;.;.;:;.;.;.;.;.;.;.;.;.;.;.;.;.;.;.;.;.;.;.;.;.;.;.;.;.;.;.;.;.;.;.;.;.;.;.;.;.;.;.;.
0720 Stokke;720;Stokke;5;:;:;:;:;:;:;:;:;:;:;:;:;:;:;5;:;:;:;:;:;:;:;:;:;:;:;:;:;:;:;:;:;:;:;:;:;:;:;:;:;:;:;:;:;:;:;:;:;:;:;:;:;:;:;:;:;:;:;:
0722 Nøtterøy;722;Nøtterøy;7;:;:;:;:;:;:;:;:;:;:;:;:;:;:;7;:;:;:;0;:;5;:;:;:;:;:;:;:;:;:;:;:;:;:;:;:;:;:;:;:;:;:;:;:;:;:;:;:;:;:;:;:;:;:;:;:;:;:;:
0723 Tjøme;723;Tjøme;.;.;.;.;.;.;.;.;.;.;.;.;.;.;.;.;.;.;.;avsluttning_arsak_3.annet;.;.;.;.;.;.;.;.;.;.;.;.;.;.;.;.;.;.;.;.;.;.;.;.;.;.;.;.;.;.;.;.;.;.;.;.;.;.;.;.
0728 Lardal;728;Lardal;.;.;.;.;.;.;.;.;.;.;.;.;.;.;.;.;.;.;.;kjonn.alle;.;.;.;.;.;.;.;.;.;.;.;.;.;.;.;.;.;.;.;.;.;.;.;.;.;.;.;.;.;.;.;.;.;.;.;.;.;.;.;.
0805 Porsgrunn;805;Porsgrunn;19;:;7;:;:;8;:;:;:;36,8421053;:;:;42,1052632;:;:;19;:;:;:;enhet.prosent;9;10;:;:;:;5;:;:;:;:;6;:;:;:;:;:;:;:;:;50;:;:;:;:;66,66666667;:;:;:;:;:;9;10;:;:;8;8;:;:;88,88888889;80
0806 Skien;806;Skien;71;22;20;6;11;:;:;7;30,9859155;28,1690141;8,4507042;15,4929577;:;:;9,8591549;71;17;54;23,94366197;.;24;47;:;18;10;10;:;5;:;9;:;:;:;:;6;:;:;38,29787234;41,66666667;21,27659574;:;10,63829787;:;19,14893617;:;:;:;:;25;:;24;47;:;14;21;33;:;29,78723404;87,5;70,21276596
0807 Notodden;807;Notodden;21;:;:;7;:;:;:;:;:;:;33,3333333;:;:;:;:;21;10;11;47,61904762;56,52173913;10;11;:;:;:;:;:;5;:;:;:;:;:;:;:;:;:;:;:;:;:;45,45454545;:;:;:;:;:;:;:;:;10;11;:;7;7;:;:;63,63636364;70;:
0811 Siljan;811;Siljan;7;:;:;:;:;:;:;:;:;:;:;:;:;:;:;7;:;:;:;38,88888889;6;:;:;:;:;:;:;:;:;:;:;:;:;:;:;:;:;:;:;:;:;:;:;:;:;:;:;:;:;:;:;:;:;:;6;:;:;:;100;:
0814 Bamble;814;Bamble;23;9;9;:;:;:;:;:;39,1304348;39,1304348;:;:;:;:;:;23;:;:;:;.;9;14;:;9;5;:;:;:;:;:;:;:;:;:;:;:;:;64,28571429;55,55555556;:;:;:;:;:;:;:;:;:;:;:;9;14;:;:;8;14;:;:;88,88888889;100
0815 Kragerø;815;Kragerø;33;:;14;6;:;:;:;9;:;42,4242424;18,1818182;:;:;:;27,2727273;33;7;26;21,21212121;53,33333333;16;17;:;:;7;7;:;5;:;:;:;:;:;:;6;:;:;:;43,75;41,17647059;:;29,41176471;:;:;:;:;:;:;37,5;:;16;17;:;6;15;11;:;35,29411765;93,75;64,70588235
0817 Drangedal;817;Drangedal;5;:;:;:;:;:;:;:;:;:;:;:;:;:;:;5;:;:;:;.;:;:;:;:;:;:;:;:;:;:;:;:;:;:;:;:;:;:;:;:;:;:;:;:;:;:;:;:;:;:;:;:;:;:;:;:;:;:;:;:
0819 Nome;819;Nome;8;:;:;:;:;:;:;:;:;:;:;:;:;:;:;8;:;:;:;.;6;:;:;:;:;:;:;:;:;:;:;:;:;:;:;:;:;:;:;:;:;:;:;:;:;:;:;:;:;:;:;:;:;:;6;:;:;:;100;:
0821 Bø (Telemark);821;Bø (Telem.);5;:;:;:;:;:;:;:;:;:;:;:;:;:;:;5;:;:;:;.;5;:;:;:;:;:;:;:;:;:;:;:;:;:;:;:;:;:;:;:;:;:;:;:;:;:;:;:;:;:;:;:;:;:;5;:;:;:;100;:
0822 Sauherad;822;Sauherad;10;:;:;:;:;:;:;:;:;:;:;:;:;:;:;10;5;5;50;.;7;:;:;:;:;:;:;:;:;:;:;:;:;:;:;:;:;:;:;:;:;:;:;:;:;:;:;:;:;:;:;:;:;:;:;:;:;:;:;:
0826 Tinn;826;Tinn;:;:;:;:;:;:;:;:;:;:;:;:;:;:;:;:;:;:;:;.;:;:;:;:;:;:;:;:;:;:;:;:;:;:;:;:;:;:;:;:;:;:;:;:;:;:;:;:;:;:;:;:;:;:;:;:;:;:;:;:
0827 Hjartdal;827;Hjartdal;.;.;.;.;.;.;.;.;.;.;.;.;.;.;.;.;.;.;.;:;.;.;.;.;.;.;.;.;.;.;.;.;.;.;.;.;.;.;.;.;.;.;.;.;.;.;.;.;.;.;.;.;.;.;.;.;.;.;.;.
0828 Seljord;828;Seljord;5;:;:;:;:;:;:;:;:;:;:;:;:;:;:;5;:;:;:;.;:;:;:;:;:;:;:;:;:;:;:;:;:;:;:;:;:;:;:;:;:;:;:;:;:;:;:;:;:;:;:;:;:;:;:;:;:;:;:;:
0829 Kviteseid;829;Kviteseid;.;.;.;.;.;.;.;.;.;.;.;.;.;.;.;.;.;.;.;.;.;.;.;.;.;.;.;.;.;.;.;.;.;.;.;.;.;.;.;.;.;.;.;.;.;.;.;.;.;.;.;.;.;.;.;.;.;.;.;.
0830 Nissedal;830;Nissedal;.;.;.;.;.;.;.;.;.;.;.;.;.;.;.;.;.;.;.;.;.;.;.;.;.;.;.;.;.;.;.;.;.;.;.;.;.;.;.;.;.;.;.;.;.;.;.;.;.;.;.;.;.;.;.;.;.;.;.;.
0831 Fyresdal;831;Fyresdal;:;:;:;:;:;:;:;:;:;:;:;:;:;:;:;:;:;:;:;.;:;:;:;:;:;:;:;:;:;:;:;:;:;:;:;:;:;:;:;:;:;:;:;:;:;:;:;:;:;:;:;:;:;:;:;:;:;:;:;:
0833 Tokke;833;Tokke;.;.;.;.;.;.;.;.;.;.;.;.;.;.;.;.;.;.;.;.;.;.;.;.;.;.;.;.;.;.;.;.;.;.;.;.;.;.;.;.;.;.;.;.;.;.;.;.;.;.;.;.;.;.;.;.;.;.;.;.
0834 Vinje;834;Vinje;:;:;:;:;:;:;:;:;:;:;:;:;:;:;:;:;:;:;:;.;:;:;:;:;:;:;:;:;:;:;:;:;:;:;:;:;:;:;:;:;:;:;:;:;:;:;:;:;:;:;:;:;:;:;:;:;:;:;:;:
0901 Risør;901;Risør;9;:;:;:;:;:;:;:;:;:;:;:;:;:;:;9;:;:;:;100;8;:;:;:;:;:;:;:;:;:;:;:;:;:;:;:;:;:;:;:;:;:;:;:;:;:;:;:;:;:;:;:;:;:;:;:;:;:;:;:
0904 Grimstad;904;Grimstad;12;:;:;5;:;:;:;:;:;:;41,6666667;:;:;:;:;12;:;:;75;:;7;5;:;:;:;:;:;:;:;:;:;:;:;:;:;:;:;:;:;:;:;:;:;:;:;:;:;:;:;:;7;5;5;:;:;:;71,42857143;:;:;:
0906 Arendal;906;Arendal;46;10;9;8;11;:;:;:;21,7391304;19,5652174;17,3913043;23,9130435;:;:;:;46;19;27;41,30434783;:;18;28;6;:;:;6;:;5;:;7;:;:;:;:;:;:;33,33333333;:;:;21,42857143;:;17,85714286;:;25;:;:;:;:;:;:;18;28;7;12;11;16;38,88888889;42,85714286;61,11111111;57,14285714
0911 Gjerstad;911;Gjerstad;:;:;:;:;:;:;:;:;:;:;:;:;:;:;:;:;:;:;:;:;:;:;:;:;:;:;:;:;:;:;:;:;:;:;:;:;:;:;:;:;:;:;:;:;:;:;:;:;:;:;:;:;:;:;:;:;:;:;:;:
0912 Vegårshei;912;Vegårshei;.;.;.;.;.;.;.;.;.;.;.;.;.;.;.;.;.;.;.;0;.;.;.;.;.;.;.;.;.;.;.;.;.;.;.;.;.;.;.;.;.;.;.;.;.;.;.;.;.;.;.;.;.;.;.;.;.;.;.;.
0914 Tvedestrand;914;Tvedestrand;7;5;:;:;:;:;:;:;71,4285714;:;:;:;:;:;:;7;:;:;:;avsluttning_arsak_3.annet;5;:;:;:;:;:;:;:;:;:;:;:;:;:;:;:;:;:;:;:;:;:;:;:;:;:;:;:;:;:;:;:;:;:;:;:;:;:;:;:
0919 Froland;919;Froland;:;:;:;:;:;:;:;:;:;:;:;:;:;:;:;:;:;:;:;kjonn.alle;:;:;:;:;:;:;:;:;:;:;:;:;:;:;:;:;:;:;:;:;:;:;:;:;:;:;:;:;:;:;:;:;:;:;:;:;:;:;:;:
0926 Lillesand;926;Lillesand;5;:;:;:;:;:;:;:;:;:;:;:;:;:;:;5;:;:;:;enhet.prosent;:;:;:;:;:;:;:;:;:;:;:;:;:;:;:;:;:;:;:;:;:;:;:;:;:;:;:;:;:;:;:;:;:;:;:;:;:;:;:;:
0928 Birkenes;928;Birkenes;:;:;:;:;:;:;:;:;:;:;:;:;:;:;:;:;:;:;:;.;:;:;:;:;:;:;:;:;:;:;:;:;:;:;:;:;:;:;:;:;:;:;:;:;:;:;:;:;:;:;:;:;:;:;:;:;:;:;:;:
0929 Åmli;929;Åmli;:;:;:;:;:;:;:;:;:;:;:;:;:;:;:;:;:;:;:;56,52173913;:;:;:;:;:;:;:;:;:;:;:;:;:;:;:;:;:;:;:;:;:;:;:;:;:;:;:;:;:;:;:;:;:;:;:;:;:;:;:;:
0935 Iveland;935;Iveland;.;.;.;.;.;.;.;.;.;.;.;.;.;.;.;.;.;.;.;38,88888889;.;.;.;.;.;.;.;.;.;.;.;.;.;.;.;.;.;.;.;.;.;.;.;.;.;.;.;.;.;.;.;.;.;.;.;.;.;.;.;.
0937 Evje og Hornnes;937;Evje og Hornnes;:;:;:;:;:;:;:;:;:;:;:;:;:;:;:;:;:;:;:;.;:;:;:;:;:;:;:;:;:;:;:;:;:;:;:;:;:;:;:;:;:;:;:;:;:;:;:;:;:;:;:;:;:;:;:;:;:;:;:;:
0938 Bygland;938;Bygland;.;.;.;.;.;.;.;.;.;.;.;.;.;.;.;.;.;.;.;53,33333333;.;.;.;.;.;.;.;.;.;.;.;.;.;.;.;.;.;.;.;.;.;.;.;.;.;.;.;.;.;.;.;.;.;.;.;.;.;.;.;.
0940 Valle;940;Valle;.;.;.;.;.;.;.;.;.;.;.;.;.;.;.;.;.;.;.;.;.;.;.;.;.;.;.;.;.;.;.;.;.;.;.;.;.;.;.;.;.;.;.;.;.;.;.;.;.;.;.;.;.;.;.;.;.;.;.;.
0941 Bykle;941;Bykle;.;.;.;.;.;.;.;.;.;.;.;.;.;.;.;.;.;.;.;.;.;.;.;.;.;.;.;.;.;.;.;.;.;.;.;.;.;.;.;.;.;.;.;.;.;.;.;.;.;.;.;.;.;.;.;.;.;.;.;.
1001 Kristiansand;1001;Kristiansand;72;20;13;16;6;5;:;12;27,7777778;18,0555556;22,2222222;8,3333333;6,9444444;:;16,6666667;72;22;50;30,55555556;.;37;35;14;6;7;6;6;10;:;:;:;:;:;:;6;6;37,83783784;17,14285714;18,91891892;17,14285714;16,21621622;28,57142857;:;:;:;:;:;:;16,21621622;17,14285714;37;35;8;14;29;21;21,62162162;40;78,37837838;60
1002 Mandal;1002;Mandal;14;10;:;:;:;:;:;:;71,4285714;:;:;:;:;:;:;14;:;:;:;.;10;:;8;:;:;:;:;:;:;:;:;:;:;:;:;:;80;:;:;:;:;:;:;:;:;:;:;:;:;:;:;:;:;:;10;:;:;:;100;:
1003 Farsund;1003;Farsund;11;:;:;:;:;:;:;:;:;:;:;:;:;:;:;11;:;:;:;.;7;:;:;:;:;:;:;:;:;:;:;:;:;:;:;:;:;:;:;:;:;:;:;:;:;:;:;:;:;:;:;:;:;:;6;:;:;:;85,71428571;:
1004 Flekkefjord;1004;Flekkefjord;6;:;:;:;:;:;:;:;:;:;:;:;:;:;:;6;:;:;:;:;5;:;:;:;:;:;:;:;:;:;:;:;:;:;:;:;:;:;:;:;:;:;:;:;:;:;:;:;:;:;:;:;:;:;:;:;:;:;:;:
1014 Vennesla;1014;Vennesla;7;:;:;:;:;:;:;:;:;:;:;:;:;:;:;7;:;:;:;.;:;:;:;:;:;:;:;:;:;:;:;:;:;:;:;:;:;:;:;:;:;:;:;:;:;:;:;:;:;:;:;:;:;:;:;:;:;:;:;:
1017 Songdalen;1017;Songdalen;9;:;:;5;:;:;:;:;:;:;55,5555556;:;:;:;:;9;:;:;66,66666667;.;:;5;:;:;:;:;:;:;:;:;:;:;:;:;:;:;:;:;:;:;:;:;:;:;:;:;:;:;:;:;:;:;:;5;:;:;:;100;:;:
1018 Søgne;1018;Søgne;11;:;:;:;:;:;:;:;:;:;:;:;:;:;:;11;:;:;:;.;:;7;:;:;:;:;:;:;:;:;:;:;:;:;:;:;:;:;:;:;:;:;:;:;:;:;:;:;:;:;:;:;:;:;:;6;:;:;:;85,71428571
1021 Marnardal;1021;Marnardal;:;:;:;:;:;:;:;:;:;:;:;:;:;:;:;:;:;:;:;.;:;:;:;:;:;:;:;:;:;:;:;:;:;:;:;:;:;:;:;:;:;:;:;:;:;:;:;:;:;:;:;:;:;:;:;:;:;:;:;:
1026 Åseral;1026;Åseral;.;.;.;.;.;.;.;.;.;.;.;.;.;.;.;.;.;.;.;.;.;.;.;.;.;.;.;.;.;.;.;.;.;.;.;.;.;.;.;.;.;.;.;.;.;.;.;.;.;.;.;.;.;.;.;.;.;.;.;.
1027 Audnedal;1027;Audnedal;.;.;.;.;.;.;.;.;.;.;.;.;.;.;.;.;.;.;.;.;.;.;.;.;.;.;.;.;.;.;.;.;.;.;.;.;.;.;.;.;.;.;.;.;.;.;.;.;.;.;.;.;.;.;.;.;.;.;.;.
1029 Lindesnes;1029;Lindesnes;7;:;:;:;:;:;:;:;:;:;:;:;:;:;:;7;:;:;:;100;5;:;:;:;:;:;:;:;:;:;:;:;:;:;:;:;:;:;:;:;:;:;:;:;:;:;:;:;:;:;:;:;:;:;:;:;:;:;:;:
1032 Lyngdal;1032;Lyngdal;7;:;:;:;:;:;:;:;:;:;:;:;:;:;:;7;:;:;:;:;:;:;:;:;:;:;:;:;:;:;:;:;:;:;:;:;:;:;:;:;:;:;:;:;:;:;:;:;:;:;:;:;:;:;:;:;:;:;:;:
1034 Hægebostad;1034;Hægebostad;.;.;.;.;.;.;.;.;.;.;.;.;.;.;.;.;.;.;.;:;.;.;.;.;.;.;.;.;.;.;.;.;.;.;.;.;.;.;.;.;.;.;.;.;.;.;.;.;.;.;.;.;.;.;.;.;.;.;.;.
1037 Kvinesdal;1037;Kvinesdal;:;:;:;:;:;:;:;:;:;:;:;:;:;:;:;:;:;:;:;:;:;:;:;:;:;:;:;:;:;:;:;:;:;:;:;:;:;:;:;:;:;:;:;:;:;:;:;:;:;:;:;:;:;:;:;:;:;:;:;:
1046 Sirdal;1046;Sirdal;.;.;.;.;.;.;.;.;.;.;.;.;.;.;.;.;.;.;.;0;.;.;.;.;.;.;.;.;.;.;.;.;.;.;.;.;.;.;.;.;.;.;.;.;.;.;.;.;.;.;.;.;.;.;.;.;.;.;.;.
1101 Eigersund;1101;Eigersund;20;8;:;:;:;:;:;:;40;:;:;:;:;:;:;20;6;14;30;avsluttning_arsak_3.annet;10;10;:;:;:;:;:;:;:;:;:;:;:;:;:;:;:;:;:;:;:;:;:;:;:;:;:;:;:;:;10;10;:;:;8;6;:;:;80;60
1102 Sandnes;1102;Sandnes;44;9;:;14;11;:;:;8;20,4545455;:;31,8181818;25;:;:;18,1818182;44;25;19;56,81818182;kjonn.alle;21;23;:;5;:;:;5;9;5;6;:;:;:;:;5;:;:;21,73913043;:;:;23,80952381;39,13043478;23,80952381;26,08695652;:;:;:;:;23,80952381;:;21;23;10;15;11;8;47,61904762;65,2173913;52,38095238;34,7826087
1103 Stavanger;1103;Stavanger;79;15;11;21;13;13;:;5;18,9873418;13,9240506;26,5822785;16,4556962;16,4556962;:;6,3291139;79;34;45;43,03797468;enhet.prosent;37;42;9;6;7;:;7;14;:;9;7;6;:;:;:;:;24,32432432;14,28571429;18,91891892;:;18,91891892;33,33333333;:;21,42857143;18,91891892;14,28571429;:;:;:;:;37;42;11;23;26;19;29,72972973;54,76190476;70,27027027;45,23809524
1106 Haugesund;1106;Haugesund;26;8;6;:;6;:;:;:;30,7692308;23,0769231;:;23,0769231;:;:;:;26;8;18;30,76923077;.;14;12;:;5;:;:;:;:;:;:;:;:;:;:;:;:;:;41,66666667;:;:;:;:;:;:;:;:;:;:;:;:;14;12;:;5;11;7;:;41,66666667;78,57142857;58,33333333
1111 Sokndal;1111;Sokndal;.;.;.;.;.;.;.;.;.;.;.;.;.;.;.;.;.;.;.;56,52173913;.;.;.;.;.;.;.;.;.;.;.;.;.;.;.;.;.;.;.;.;.;.;.;.;.;.;.;.;.;.;.;.;.;.;.;.;.;.;.;.
1112 Lund;1112;Lund;:;:;:;:;:;:;:;:;:;:;:;:;:;:;:;:;:;:;:;38,88888889;:;:;:;:;:;:;:;:;:;:;:;:;:;:;:;:;:;:;:;:;:;:;:;:;:;:;:;:;:;:;:;:;:;:;:;:;:;:;:;:
1114 Bjerkreim;1114;Bjerkreim;.;.;.;.;.;.;.;.;.;.;.;.;.;.;.;.;.;.;.;.;.;.;.;.;.;.;.;.;.;.;.;.;.;.;.;.;.;.;.;.;.;.;.;.;.;.;.;.;.;.;.;.;.;.;.;.;.;.;.;.
1119 Hå;1119;Hå;:;:;:;:;:;:;:;:;:;:;:;:;:;:;:;:;:;:;:;53,33333333;:;:;:;:;:;:;:;:;:;:;:;:;:;:;:;:;:;:;:;:;:;:;:;:;:;:;:;:;:;:;:;:;:;:;:;:;:;:;:;:
1120 Klepp;1120;Klepp;11;:;:;:;:;:;:;:;:;:;:;:;:;:;:;11;:;:;:;.;:;7;:;:;:;:;:;:;:;:;:;:;:;:;:;:;:;:;:;:;:;:;:;:;:;:;:;:;:;:;:;:;:;:;:;5;:;:;:;71,42857143
1121 Time;1121;Time;7;:;:;:;:;:;:;:;:;:;:;:;:;:;:;7;:;:;:;.;:;5;:;:;:;:;:;:;:;:;:;:;:;:;:;:;:;:;:;:;:;:;:;:;:;:;:;:;:;:;:;:;:;:;:;:;:;:;:;:
1122 Gjesdal;1122;Gjesdal;7;:;:;:;:;:;:;:;:;:;:;:;:;:;:;7;:;:;:;.;:;:;:;:;:;:;:;:;:;:;:;:;:;:;:;:;:;:;:;:;:;:;:;:;:;:;:;:;:;:;:;:;:;:;:;:;:;:;:;:
1124 Sola;1124;Sola;5;:;:;:;:;:;:;:;:;:;:;:;:;:;:;5;:;:;:;.;:;:;:;:;:;:;:;:;:;:;:;:;:;:;:;:;:;:;:;:;:;:;:;:;:;:;:;:;:;:;:;:;:;:;:;:;:;:;:;:
1127 Randaberg;1127;Randaberg;11;:;:;:;5;:;:;:;:;:;:;45,4545455;:;:;:;11;:;:;63,63636364;.;6;5;:;:;:;:;:;:;:;:;:;:;:;:;:;:;:;:;:;:;:;:;:;:;:;:;:;:;:;:;6;5;5;:;:;:;83,33333333;:;:;:
1129 Forsand;1129;Forsand;.;.;.;.;.;.;.;.;.;.;.;.;.;.;.;.;.;.;.;:;.;.;.;.;.;.;.;.;.;.;.;.;.;.;.;.;.;.;.;.;.;.;.;.;.;.;.;.;.;.;.;.;.;.;.;.;.;.;.;.
1130 Strand;1130;Strand;11;:;:;:;5;:;:;:;:;:;:;45,4545455;:;:;:;11;6;5;54,54545455;.;6;5;:;:;:;:;:;:;:;:;:;:;:;:;:;:;:;:;:;:;:;:;:;:;:;:;:;:;:;:;6;5;:;:;:;:;:;:;:;:
1133 Hjelmeland;1133;Hjelmeland;:;:;:;:;:;:;:;:;:;:;:;:;:;:;:;:;:;:;:;.;:;:;:;:;:;:;:;:;:;:;:;:;:;:;:;:;:;:;:;:;:;:;:;:;:;:;:;:;:;:;:;:;:;:;:;:;:;:;:;:
1134 Suldal;1134;Suldal;:;:;:;:;:;:;:;:;:;:;:;:;:;:;:;:;:;:;:;.;:;:;:;:;:;:;:;:;:;:;:;:;:;:;:;:;:;:;:;:;:;:;:;:;:;:;:;:;:;:;:;:;:;:;:;:;:;:;:;:
1135 Sauda;1135;Sauda;10;5;:;:;:;:;:;:;50;:;:;:;:;:;:;10;:;:;:;.;6;:;5;:;:;:;:;:;:;:;:;:;:;:;:;:;83,33333333;:;:;:;:;:;:;:;:;:;:;:;:;:;:;:;:;:;6;:;:;:;100;:
1141 Finnøy;1141;Finnøy;.;.;.;.;.;.;.;.;.;.;.;.;.;.;.;.;.;.;.;.;.;.;.;.;.;.;.;.;.;.;.;.;.;.;.;.;.;.;.;.;.;.;.;.;.;.;.;.;.;.;.;.;.;.;.;.;.;.;.;.
1142 Rennesøy;1142;Rennesøy;:;:;:;:;:;:;:;:;:;:;:;:;:;:;:;:;:;:;:;.;:;:;:;:;:;:;:;:;:;:;:;:;:;:;:;:;:;:;:;:;:;:;:;:;:;:;:;:;:;:;:;:;:;:;:;:;:;:;:;:
1144 Kvitsøy;1144;Kvitsøy;.;.;.;.;.;.;.;.;.;.;.;.;.;.;.;.;.;.;.;100;.;.;.;.;.;.;.;.;.;.;.;.;.;.;.;.;.;.;.;.;.;.;.;.;.;.;.;.;.;.;.;.;.;.;.;.;.;.;.;.
1145 Bokn;1145;Bokn;.;.;.;.;.;.;.;.;.;.;.;.;.;.;.;.;.;.;.;:;.;.;.;.;.;.;.;.;.;.;.;.;.;.;.;.;.;.;.;.;.;.;.;.;.;.;.;.;.;.;.;.;.;.;.;.;.;.;.;.
1146 Tysvær;1146;Tysvær;8;:;:;:;:;:;:;:;:;:;:;:;:;:;:;8;:;:;:;:;7;:;:;:;:;:;:;:;:;:;:;:;:;:;:;:;:;:;:;:;:;:;:;:;:;:;:;:;:;:;:;:;:;:;5;:;:;:;71,42857143;:
1149 Karmøy;1149;Karmøy;17;:;:;6;7;:;:;:;:;:;35,2941176;41,1764706;:;:;:;17;:;:;76,47058824;:;8;9;:;:;:;:;:;:;:;:;:;:;:;:;:;:;:;:;:;:;:;:;:;:;:;:;:;:;:;:;8;9;6;7;:;:;75;77,77777778;:;:
1151 Utsira;1151;Utsira;.;.;.;.;.;.;.;.;.;.;.;.;.;.;.;.;.;.;.;0;.;.;.;.;.;.;.;.;.;.;.;.;.;.;.;.;.;.;.;.;.;.;.;.;.;.;.;.;.;.;.;.;.;.;.;.;.;.;.;.
1160 Vindafjord;1160;Vindafjord;:;:;:;:;:;:;:;:;:;:;:;:;:;:;:;:;:;:;:;avsluttning_arsak_3.annet;:;:;:;:;:;:;:;:;:;:;:;:;:;:;:;:;:;:;:;:;:;:;:;:;:;:;:;:;:;:;:;:;:;:;:;:;:;:;:;:
1201 Bergen;1201;Bergen;230;51;24;48;60;32;:;12;22,173913;10,4347826;20,8695652;26,0869565;13,9130435;:;5,2173913;230;108;122;46,95652174;kjonn.alle;90;140;25;26;7;17;19;29;15;45;20;12;:;:;:;9;27,77777778;18,57142857;7,777777778;12,14285714;21,11111111;20,71428571;16,66666667;32,14285714;22,22222222;8,571428571;:;:;:;6,428571429;90;140;34;74;56;66;37,77777778;52,85714286;62,22222222;47,14285714
1211 Etne;1211;Etne;.;.;.;.;.;.;.;.;.;.;.;.;.;.;.;.;.;.;.;enhet.prosent;.;.;.;.;.;.;.;.;.;.;.;.;.;.;.;.;.;.;.;.;.;.;.;.;.;.;.;.;.;.;.;.;.;.;.;.;.;.;.;.
1216 Sveio;1216;Sveio;:;:;:;:;:;:;:;:;:;:;:;:;:;:;:;:;:;:;:;.;:;:;:;:;:;:;:;:;:;:;:;:;:;:;:;:;:;:;:;:;:;:;:;:;:;:;:;:;:;:;:;:;:;:;:;:;:;:;:;:
1219 Bømlo;1219;Bømlo;10;:;:;:;:;:;:;:;:;:;:;:;:;:;:;10;:;:;60;56,52173913;5;5;:;:;:;:;:;:;:;:;:;:;:;:;:;:;:;:;:;:;:;:;:;:;:;:;:;:;:;:;5;5;:;:;:;:;:;:;:;:
1221 Stord;1221;Stord;9;5;:;:;:;:;:;:;55,5555556;:;:;:;:;:;:;9;:;:;:;38,88888889;:;5;:;:;:;:;:;:;:;:;:;:;:;:;:;:;:;:;:;:;:;:;:;:;:;:;:;:;:;:;:;:;:;:;:;:;:;:;:;:
1222 Fitjar;1222;Fitjar;.;.;.;.;.;.;.;.;.;.;.;.;.;.;.;.;.;.;.;.;.;.;.;.;.;.;.;.;.;.;.;.;.;.;.;.;.;.;.;.;.;.;.;.;.;.;.;.;.;.;.;.;.;.;.;.;.;.;.;.
1223 Tysnes;1223;Tysnes;.;.;.;.;.;.;.;.;.;.;.;.;.;.;.;.;.;.;.;53,33333333;.;.;.;.;.;.;.;.;.;.;.;.;.;.;.;.;.;.;.;.;.;.;.;.;.;.;.;.;.;.;.;.;.;.;.;.;.;.;.;.
1224 Kvinnherad;1224;Kvinnherad;5;:;:;:;:;:;:;:;:;:;:;:;:;:;:;5;:;:;:;.;:;:;:;:;:;:;:;:;:;:;:;:;:;:;:;:;:;:;:;:;:;:;:;:;:;:;:;:;:;:;:;:;:;:;:;:;:;:;:;:
1227 Jondal;1227;Jondal;.;.;.;.;.;.;.;.;.;.;.;.;.;.;.;.;.;.;.;.;.;.;.;.;.;.;.;.;.;.;.;.;.;.;.;.;.;.;.;.;.;.;.;.;.;.;.;.;.;.;.;.;.;.;.;.;.;.;.;.
1228 Odda;1228;Odda;.;.;.;.;.;.;.;.;.;.;.;.;.;.;.;.;.;.;.;.;.;.;.;.;.;.;.;.;.;.;.;.;.;.;.;.;.;.;.;.;.;.;.;.;.;.;.;.;.;.;.;.;.;.;.;.;.;.;.;.
1231 Ullensvang;1231;Ullensvang;8;:;:;:;:;:;:;:;:;:;:;:;:;:;:;8;:;:;:;.;:;6;:;:;:;:;:;:;:;:;:;:;:;:;:;:;:;:;:;:;:;:;:;:;:;:;:;:;:;:;:;:;:;:;:;:;:;:;:;:
1232 Eidfjord;1232;Eidfjord;.;.;.;.;.;.;.;.;.;.;.;.;.;.;.;.;.;.;.;.;.;.;.;.;.;.;.;.;.;.;.;.;.;.;.;.;.;.;.;.;.;.;.;.;.;.;.;.;.;.;.;.;.;.;.;.;.;.;.;.
1233 Ulvik;1233;Ulvik;.;.;.;.;.;.;.;.;.;.;.;.;.;.;.;.;.;.;.;:;.;.;.;.;.;.;.;.;.;.;.;.;.;.;.;.;.;.;.;.;.;.;.;.;.;.;.;.;.;.;.;.;.;.;.;.;.;.;.;.
1234 Granvin;1234;Granvin;.;.;.;.;.;.;.;.;.;.;.;.;.;.;.;.;.;.;.;.;.;.;.;.;.;.;.;.;.;.;.;.;.;.;.;.;.;.;.;.;.;.;.;.;.;.;.;.;.;.;.;.;.;.;.;.;.;.;.;.
1235 Voss;1235;Voss;13;:;:;:;5;:;:;:;:;:;:;38,4615385;:;:;:;13;:;:;69,23076923;.;:;10;:;:;:;:;:;:;:;5;:;:;:;:;:;:;:;:;:;:;:;:;:;50;:;:;:;:;:;:;:;:;:;7;:;:;:;70;:;:
1238 Kvam;1238;Kvam;:;:;:;:;:;:;:;:;:;:;:;:;:;:;:;:;:;:;:;.;:;:;:;:;:;:;:;:;:;:;:;:;:;:;:;:;:;:;:;:;:;:;:;:;:;:;:;:;:;:;:;:;:;:;:;:;:;:;:;:
1241 Fusa;1241;Fusa;.;.;.;.;.;.;.;.;.;.;.;.;.;.;.;.;.;.;.;.;.;.;.;.;.;.;.;.;.;.;.;.;.;.;.;.;.;.;.;.;.;.;.;.;.;.;.;.;.;.;.;.;.;.;.;.;.;.;.;.
1242 Samnanger;1242;Samnanger;.;.;.;.;.;.;.;.;.;.;.;.;.;.;.;.;.;.;.;.;.;.;.;.;.;.;.;.;.;.;.;.;.;.;.;.;.;.;.;.;.;.;.;.;.;.;.;.;.;.;.;.;.;.;.;.;.;.;.;.
1243 Os (Hord.);1243;Os (Hord.);5;:;:;:;:;:;:;:;:;:;:;:;:;:;:;5;:;:;:;.;:;:;:;:;:;:;:;:;:;:;:;:;:;:;:;:;:;:;:;:;:;:;:;:;:;:;:;:;:;:;:;:;:;:;:;:;:;:;:;:
1244 Austevoll;1244;Austevoll;.;.;.;.;.;.;.;.;.;.;.;.;.;.;.;.;.;.;.;100;.;.;.;.;.;.;.;.;.;.;.;.;.;.;.;.;.;.;.;.;.;.;.;.;.;.;.;.;.;.;.;.;.;.;.;.;.;.;.;.
1245 Sund;1245;Sund;:;:;:;:;:;:;:;:;:;:;:;:;:;:;:;:;:;:;:;:;:;:;:;:;:;:;:;:;:;:;:;:;:;:;:;:;:;:;:;:;:;:;:;:;:;:;:;:;:;:;:;:;:;:;:;:;:;:;:;:
1246 Fjell;1246;Fjell;17;:;:;7;5;:;:;:;:;:;41,1764706;29,4117647;:;:;:;17;12;5;70,58823529;:;7;10;:;:;:;:;:;5;:;:;:;:;:;:;:;:;:;:;:;:;:;50;:;:;:;:;:;:;:;:;7;10;:;9;:;:;:;90;:;:
1247 Askøy;1247;Askøy;15;:;:;:;7;:;:;:;:;:;:;46,6666667;:;:;:;15;8;7;53,33333333;:;7;8;:;:;:;:;:;:;:;5;:;:;:;:;:;:;:;:;:;:;:;:;:;62,5;:;:;:;:;:;:;7;8;:;5;:;:;:;62,5;:;:
1251 Vaksdal;1251;Vaksdal;:;:;:;:;:;:;:;:;:;:;:;:;:;:;:;:;:;:;:;0;:;:;:;:;:;:;:;:;:;:;:;:;:;:;:;:;:;:;:;:;:;:;:;:;:;:;:;:;:;:;:;:;:;:;:;:;:;:;:;:
1252 Modalen;1252;Modalen;.;.;.;.;.;.;.;.;.;.;.;.;.;.;.;.;.;.;.;avsluttning_arsak_3.annet;.;.;.;.;.;.;.;.;.;.;.;.;.;.;.;.;.;.;.;.;.;.;.;.;.;.;.;.;.;.;.;.;.;.;.;.;.;.;.;.
1253 Osterøy;1253;Osterøy;.;.;.;.;.;.;.;.;.;.;.;.;.;.;.;.;.;.;.;kjonn.alle;.;.;.;.;.;.;.;.;.;.;.;.;.;.;.;.;.;.;.;.;.;.;.;.;.;.;.;.;.;.;.;.;.;.;.;.;.;.;.;.
1256 Meland;1256;Meland;.;.;.;.;.;.;.;.;.;.;.;.;.;.;.;.;.;.;.;enhet.prosent;.;.;.;.;.;.;.;.;.;.;.;.;.;.;.;.;.;.;.;.;.;.;.;.;.;.;.;.;.;.;.;.;.;.;.;.;.;.;.;.
1259 Øygarden;1259;Øygarden;11;:;5;:;:;:;:;:;:;45,4545455;:;:;:;:;:;11;:;:;:;.;:;7;:;:;:;:;:;:;:;:;:;:;:;:;:;:;:;:;:;:;:;:;:;:;:;:;:;:;:;:;:;:;:;:;:;:;:;:;:;:
1260 Radøy;1260;Radøy;.;.;.;.;.;.;.;.;.;.;.;.;.;.;.;.;.;.;.;56,52173913;.;.;.;.;.;.;.;.;.;.;.;.;.;.;.;.;.;.;.;.;.;.;.;.;.;.;.;.;.;.;.;.;.;.;.;.;.;.;.;.
1263 Lindås;1263;Lindås;:;:;:;:;:;:;:;:;:;:;:;:;:;:;:;:;:;:;:;38,88888889;:;:;:;:;:;:;:;:;:;:;:;:;:;:;:;:;:;:;:;:;:;:;:;:;:;:;:;:;:;:;:;:;:;:;:;:;:;:;:;:
1264 Austrheim;1264;Austrheim;.;.;.;.;.;.;.;.;.;.;.;.;.;.;.;.;.;.;.;.;.;.;.;.;.;.;.;.;.;.;.;.;.;.;.;.;.;.;.;.;.;.;.;.;.;.;.;.;.;.;.;.;.;.;.;.;.;.;.;.
1265 Fedje;1265;Fedje;.;.;.;.;.;.;.;.;.;.;.;.;.;.;.;.;.;.;.;53,33333333;.;.;.;.;.;.;.;.;.;.;.;.;.;.;.;.;.;.;.;.;.;.;.;.;.;.;.;.;.;.;.;.;.;.;.;.;.;.;.;.
1266 Masfjorden;1266;Masfjorden;.;.;.;.;.;.;.;.;.;.;.;.;.;.;.;.;.;.;.;.;.;.;.;.;.;.;.;.;.;.;.;.;.;.;.;.;.;.;.;.;.;.;.;.;.;.;.;.;.;.;.;.;.;.;.;.;.;.;.;.
1401 Flora;1401;Flora;16;6;:;:;:;:;:;:;37,5;:;:;:;:;:;:;16;5;11;31,25;.;7;9;:;:;:;:;:;:;:;:;:;:;:;:;:;:;:;:;:;:;:;:;:;:;:;:;:;:;:;:;7;9;:;:;6;5;:;:;85,71428571;55,55555556
1411 Gulen;1411;Gulen;.;.;.;.;.;.;.;.;.;.;.;.;.;.;.;.;.;.;.;.;.;.;.;.;.;.;.;.;.;.;.;.;.;.;.;.;.;.;.;.;.;.;.;.;.;.;.;.;.;.;.;.;.;.;.;.;.;.;.;.
1412 Solund;1412;Solund;.;.;.;.;.;.;.;.;.;.;.;.;.;.;.;.;.;.;.;.;.;.;.;.;.;.;.;.;.;.;.;.;.;.;.;.;.;.;.;.;.;.;.;.;.;.;.;.;.;.;.;.;.;.;.;.;.;.;.;.
1413 Hyllestad;1413;Hyllestad;.;.;.;.;.;.;.;.;.;.;.;.;.;.;.;.;.;.;.;.;.;.;.;.;.;.;.;.;.;.;.;.;.;.;.;.;.;.;.;.;.;.;.;.;.;.;.;.;.;.;.;.;.;.;.;.;.;.;.;.
1416 Høyanger;1416;Høyanger;:;:;:;:;:;:;:;:;:;:;:;:;:;:;:;:;:;:;:;:;:;:;:;:;:;:;:;:;:;:;:;:;:;:;:;:;:;:;:;:;:;:;:;:;:;:;:;:;:;:;:;:;:;:;:;:;:;:;:;:
1417 Vik;1417;Vik;:;:;:;:;:;:;:;:;:;:;:;:;:;:;:;:;:;:;:;.;:;:;:;:;:;:;:;:;:;:;:;:;:;:;:;:;:;:;:;:;:;:;:;:;:;:;:;:;:;:;:;:;:;:;:;:;:;:;:;:
1418 Balestrand;1418;Balestrand;:;:;:;:;:;:;:;:;:;:;:;:;:;:;:;:;:;:;:;.;:;:;:;:;:;:;:;:;:;:;:;:;:;:;:;:;:;:;:;:;:;:;:;:;:;:;:;:;:;:;:;:;:;:;:;:;:;:;:;:
1419 Leikanger;1419;Leikanger;:;:;:;:;:;:;:;:;:;:;:;:;:;:;:;:;:;:;:;.;:;:;:;:;:;:;:;:;:;:;:;:;:;:;:;:;:;:;:;:;:;:;:;:;:;:;:;:;:;:;:;:;:;:;:;:;:;:;:;:
1420 Sogndal;1420;Sogndal;15;:;:;:;:;:;:;6;:;:;:;:;:;:;40;15;:;:;:;.;5;10;:;:;:;:;:;:;:;:;:;:;:;:;:;:;:;:;:;:;:;:;:;:;:;:;:;:;:;:;5;10;:;:;:;8;:;:;:;80
1421 Aurland;1421;Aurland;.;.;.;.;.;.;.;.;.;.;.;.;.;.;.;.;.;.;.;.;.;.;.;.;.;.;.;.;.;.;.;.;.;.;.;.;.;.;.;.;.;.;.;.;.;.;.;.;.;.;.;.;.;.;.;.;.;.;.;.
1422 Lærdal;1422;Lærdal;.;.;.;.;.;.;.;.;.;.;.;.;.;.;.;.;.;.;.;.;.;.;.;.;.;.;.;.;.;.;.;.;.;.;.;.;.;.;.;.;.;.;.;.;.;.;.;.;.;.;.;.;.;.;.;.;.;.;.;.
1424 Årdal;1424;Årdal;.;.;.;.;.;.;.;.;.;.;.;.;.;.;.;.;.;.;.;100;.;.;.;.;.;.;.;.;.;.;.;.;.;.;.;.;.;.;.;.;.;.;.;.;.;.;.;.;.;.;.;.;.;.;.;.;.;.;.;.
1426 Luster;1426;Luster;:;:;:;:;:;:;:;:;:;:;:;:;:;:;:;:;:;:;:;:;:;:;:;:;:;:;:;:;:;:;:;:;:;:;:;:;:;:;:;:;:;:;:;:;:;:;:;:;:;:;:;:;:;:;:;:;:;:;:;:
1428 Askvoll;1428;Askvoll;.;.;.;.;.;.;.;.;.;.;.;.;.;.;.;.;.;.;.;:;.;.;.;.;.;.;.;.;.;.;.;.;.;.;.;.;.;.;.;.;.;.;.;.;.;.;.;.;.;.;.;.;.;.;.;.;.;.;.;.
1429 Fjaler;1429;Fjaler;.;.;.;.;.;.;.;.;.;.;.;.;.;.;.;.;.;.;.;:;.;.;.;.;.;.;.;.;.;.;.;.;.;.;.;.;.;.;.;.;.;.;.;.;.;.;.;.;.;.;.;.;.;.;.;.;.;.;.;.
1430 Gaular;1430;Gaular;.;.;.;.;.;.;.;.;.;.;.;.;.;.;.;.;.;.;.;0;.;.;.;.;.;.;.;.;.;.;.;.;.;.;.;.;.;.;.;.;.;.;.;.;.;.;.;.;.;.;.;.;.;.;.;.;.;.;.;.
1431 Jølster;1431;Jølster;5;:;:;:;:;:;:;:;:;:;:;:;:;:;:;5;:;:;:;avsluttning_arsak_3.annet;:;:;:;:;:;:;:;:;:;:;:;:;:;:;:;:;:;:;:;:;:;:;:;:;:;:;:;:;:;:;:;:;:;:;:;:;:;:;:;:
1432 Førde;1432;Førde;:;:;:;:;:;:;:;:;:;:;:;:;:;:;:;:;:;:;:;kjonn.alle;:;:;:;:;:;:;:;:;:;:;:;:;:;:;:;:;:;:;:;:;:;:;:;:;:;:;:;:;:;:;:;:;:;:;:;:;:;:;:;:
1433 Naustdal;1433;Naustdal;.;.;.;.;.;.;.;.;.;.;.;.;.;.;.;.;.;.;.;enhet.prosent;.;.;.;.;.;.;.;.;.;.;.;.;.;.;.;.;.;.;.;.;.;.;.;.;.;.;.;.;.;.;.;.;.;.;.;.;.;.;.;.
1438 Bremanger;1438;Bremanger;6;:;:;:;:;:;:;:;:;:;:;:;:;:;:;6;:;:;:;.;:;5;:;:;:;:;:;:;:;:;:;:;:;:;:;:;:;:;:;:;:;:;:;:;:;:;:;:;:;:;:;:;:;:;:;5;:;:;:;100
1439 Vågsøy;1439;Vågsøy;.;.;.;.;.;.;.;.;.;.;.;.;.;.;.;.;.;.;.;56,52173913;.;.;.;.;.;.;.;.;.;.;.;.;.;.;.;.;.;.;.;.;.;.;.;.;.;.;.;.;.;.;.;.;.;.;.;.;.;.;.;.
1441 Selje;1441;Selje;.;.;.;.;.;.;.;.;.;.;.;.;.;.;.;.;.;.;.;38,88888889;.;.;.;.;.;.;.;.;.;.;.;.;.;.;.;.;.;.;.;.;.;.;.;.;.;.;.;.;.;.;.;.;.;.;.;.;.;.;.;.
1443 Eid;1443;Eid;.;.;.;.;.;.;.;.;.;.;.;.;.;.;.;.;.;.;.;.;.;.;.;.;.;.;.;.;.;.;.;.;.;.;.;.;.;.;.;.;.;.;.;.;.;.;.;.;.;.;.;.;.;.;.;.;.;.;.;.
1444 Hornindal;1444;Hornindal;.;.;.;.;.;.;.;.;.;.;.;.;.;.;.;.;.;.;.;53,33333333;.;.;.;.;.;.;.;.;.;.;.;.;.;.;.;.;.;.;.;.;.;.;.;.;.;.;.;.;.;.;.;.;.;.;.;.;.;.;.;.
1445 Gloppen;1445;Gloppen;7;:;:;:;:;:;:;:;:;:;:;:;:;:;:;7;:;:;:;.;:;:;:;:;:;:;:;:;:;:;:;:;:;:;:;:;:;:;:;:;:;:;:;:;:;:;:;:;:;:;:;:;:;:;:;:;:;:;:;:
1449 Stryn;1449;Stryn;9;:;:;:;:;:;:;:;:;:;:;:;:;:;:;9;:;:;:;.;:;5;:;:;:;:;:;:;:;:;:;:;:;:;:;:;:;:;:;:;:;:;:;:;:;:;:;:;:;:;:;:;:;:;:;:;:;:;:;:
1502 Molde;1502;Molde;30;7;:;6;15;:;:;:;23,3333333;:;20;50;:;:;:;30;21;9;70;.;11;19;5;:;:;:;:;5;:;11;:;:;:;:;:;:;45,45454545;:;:;:;:;26,31578947;:;57,89473684;:;:;:;:;:;:;11;19;5;16;6;:;45,45454545;84,21052632;54,54545455;:
1504 Ålesund;1504;Ålesund;16;:;:;7;7;:;:;:;:;:;43,75;43,75;:;:;:;16;:;:;87,5;.;10;6;:;:;:;:;6;:;:;5;:;:;:;:;:;:;:;:;:;:;60;:;:;83,33333333;:;:;:;:;:;:;10;6;8;6;:;:;80;100;:;:
1505 Kristiansund;1505;Kristiansund;27;5;5;5;:;:;:;5;18,5185185;18,5185185;18,5185185;:;:;:;18,5185185;27;9;18;33,33333333;.;14;13;:;:;:;:;:;:;:;:;:;:;:;:;:;:;:;:;:;:;:;:;:;:;:;:;:;:;:;:;14;13;:;7;12;6;:;53,84615385;85,71428571;46,15384615
1511 Vanylven;1511;Vanylven;.;.;.;.;.;.;.;.;.;.;.;.;.;.;.;.;.;.;.;:;.;.;.;.;.;.;.;.;.;.;.;.;.;.;.;.;.;.;.;.;.;.;.;.;.;.;.;.;.;.;.;.;.;.;.;.;.;.;.;.
1514 Sande (M. og R.);1514;Sande (M. og R.);.;.;.;.;.;.;.;.;.;.;.;.;.;.;.;.;.;.;.;.;.;.;.;.;.;.;.;.;.;.;.;.;.;.;.;.;.;.;.;.;.;.;.;.;.;.;.;.;.;.;.;.;.;.;.;.;.;.;.;.
1515 Herøy (M. og R.);1515;Herøy (M. og R.);9;6;:;:;:;:;:;:;66,6666667;:;:;:;:;:;:;9;:;:;:;.;5;:;:;:;:;:;:;:;:;:;:;:;:;:;:;:;:;:;:;:;:;:;:;:;:;:;:;:;:;:;:;:;:;:;5;:;:;:;100;:
1516 Ulstein;1516;Ulstein;:;:;:;:;:;:;:;:;:;:;:;:;:;:;:;:;:;:;:;.;:;:;:;:;:;:;:;:;:;:;:;:;:;:;:;:;:;:;:;:;:;:;:;:;:;:;:;:;:;:;:;:;:;:;:;:;:;:;:;:
1517 Hareid;1517;Hareid;:;:;:;:;:;:;:;:;:;:;:;:;:;:;:;:;:;:;:;.;:;:;:;:;:;:;:;:;:;:;:;:;:;:;:;:;:;:;:;:;:;:;:;:;:;:;:;:;:;:;:;:;:;:;:;:;:;:;:;:
1519 Volda;1519;Volda;16;:;:;:;5;:;:;:;:;:;:;31,25;:;:;:;16;8;8;50;.;5;11;:;:;:;:;:;:;:;5;:;:;:;:;:;:;:;:;:;:;:;:;:;45,45454545;:;:;:;:;:;:;5;11;:;8;5;:;:;72,72727273;100;:
1520 Ørsta;1520;Ørsta;10;:;:;:;6;:;:;:;:;:;:;60;:;:;:;10;:;:;60;.;:;8;:;:;:;:;:;:;:;6;:;:;:;:;:;:;:;:;:;:;:;:;:;75;:;:;:;:;:;:;:;:;:;6;:;:;:;75;:;:
1523 Ørskog;1523;Ørskog;.;.;.;.;.;.;.;.;.;.;.;.;.;.;.;.;.;.;.;100;.;.;.;.;.;.;.;.;.;.;.;.;.;.;.;.;.;.;.;.;.;.;.;.;.;.;.;.;.;.;.;.;.;.;.;.;.;.;.;.
1524 Norddal;1524;Norddal;.;.;.;.;.;.;.;.;.;.;.;.;.;.;.;.;.;.;.;:;.;.;.;.;.;.;.;.;.;.;.;.;.;.;.;.;.;.;.;.;.;.;.;.;.;.;.;.;.;.;.;.;.;.;.;.;.;.;.;.
1525 Stranda;1525;Stranda;.;.;.;.;.;.;.;.;.;.;.;.;.;.;.;.;.;.;.;:;.;.;.;.;.;.;.;.;.;.;.;.;.;.;.;.;.;.;.;.;.;.;.;.;.;.;.;.;.;.;.;.;.;.;.;.;.;.;.;.
1526 Stordal;1526;Stordal;.;.;.;.;.;.;.;.;.;.;.;.;.;.;.;.;.;.;.;:;.;.;.;.;.;.;.;.;.;.;.;.;.;.;.;.;.;.;.;.;.;.;.;.;.;.;.;.;.;.;.;.;.;.;.;.;.;.;.;.
1528 Sykkylven;1528;Sykkylven;8;:;:;:;:;:;:;:;:;:;:;:;:;:;:;8;:;:;:;0;:;5;:;:;:;:;:;:;:;:;:;:;:;:;:;:;:;:;:;:;:;:;:;:;:;:;:;:;:;:;:;:;:;:;:;:;:;:;:;:
1529 Skodje;1529;Skodje;.;.;.;.;.;.;.;.;.;.;.;.;.;.;.;.;.;.;.;avsluttning_arsak_3.annet;.;.;.;.;.;.;.;.;.;.;.;.;.;.;.;.;.;.;.;.;.;.;.;.;.;.;.;.;.;.;.;.;.;.;.;.;.;.;.;.
1531 Sula;1531;Sula;.;.;.;.;.;.;.;.;.;.;.;.;.;.;.;.;.;.;.;kjonn.alle;.;.;.;.;.;.;.;.;.;.;.;.;.;.;.;.;.;.;.;.;.;.;.;.;.;.;.;.;.;.;.;.;.;.;.;.;.;.;.;.
1532 Giske;1532;Giske;8;:;:;:;:;:;:;:;:;:;:;:;:;:;:;8;:;:;:;enhet.prosent;5;:;:;:;:;:;:;:;:;:;:;:;:;:;:;:;:;:;:;:;:;:;:;:;:;:;:;:;:;:;:;:;:;:;:;:;:;:;:;:
1534 Haram;1534;Haram;9;:;:;:;:;:;:;:;:;:;:;:;:;:;:;9;:;:;55,55555556;.;6;:;:;:;:;:;:;:;:;:;:;:;:;:;:;:;:;:;:;:;:;:;:;:;:;:;:;:;:;:;:;:;:;:;:;:;:;:;:;:
1535 Vestnes;1535;Vestnes;:;:;:;:;:;:;:;:;:;:;:;:;:;:;:;:;:;:;:;56,52173913;:;:;:;:;:;:;:;:;:;:;:;:;:;:;:;:;:;:;:;:;:;:;:;:;:;:;:;:;:;:;:;:;:;:;:;:;:;:;:;:
1539 Rauma;1539;Rauma;.;.;.;.;.;.;.;.;.;.;.;.;.;.;.;.;.;.;.;38,88888889;.;.;.;.;.;.;.;.;.;.;.;.;.;.;.;.;.;.;.;.;.;.;.;.;.;.;.;.;.;.;.;.;.;.;.;.;.;.;.;.
1543 Nesset;1543;Nesset;.;.;.;.;.;.;.;.;.;.;.;.;.;.;.;.;.;.;.;.;.;.;.;.;.;.;.;.;.;.;.;.;.;.;.;.;.;.;.;.;.;.;.;.;.;.;.;.;.;.;.;.;.;.;.;.;.;.;.;.
1545 Midsund;1545;Midsund;.;.;.;.;.;.;.;.;.;.;.;.;.;.;.;.;.;.;.;53,33333333;.;.;.;.;.;.;.;.;.;.;.;.;.;.;.;.;.;.;.;.;.;.;.;.;.;.;.;.;.;.;.;.;.;.;.;.;.;.;.;.
1546 Sandøy;1546;Sandøy;.;.;.;.;.;.;.;.;.;.;.;.;.;.;.;.;.;.;.;.;.;.;.;.;.;.;.;.;.;.;.;.;.;.;.;.;.;.;.;.;.;.;.;.;.;.;.;.;.;.;.;.;.;.;.;.;.;.;.;.
1547 Aukra;1547;Aukra;.;.;.;.;.;.;.;.;.;.;.;.;.;.;.;.;.;.;.;.;.;.;.;.;.;.;.;.;.;.;.;.;.;.;.;.;.;.;.;.;.;.;.;.;.;.;.;.;.;.;.;.;.;.;.;.;.;.;.;.
1548 Fræna;1548;Fræna;:;:;:;:;:;:;:;:;:;:;:;:;:;:;:;:;:;:;:;.;:;:;:;:;:;:;:;:;:;:;:;:;:;:;:;:;:;:;:;:;:;:;:;:;:;:;:;:;:;:;:;:;:;:;:;:;:;:;:;:
1551 Eide;1551;Eide;:;:;:;:;:;:;:;:;:;:;:;:;:;:;:;:;:;:;:;.;:;:;:;:;:;:;:;:;:;:;:;:;:;:;:;:;:;:;:;:;:;:;:;:;:;:;:;:;:;:;:;:;:;:;:;:;:;:;:;:
1554 Averøy;1554;Averøy;.;.;.;.;.;.;.;.;.;.;.;.;.;.;.;.;.;.;.;.;.;.;.;.;.;.;.;.;.;.;.;.;.;.;.;.;.;.;.;.;.;.;.;.;.;.;.;.;.;.;.;.;.;.;.;.;.;.;.;.
1557 Gjemnes;1557;Gjemnes;.;.;.;.;.;.;.;.;.;.;.;.;.;.;.;.;.;.;.;:;.;.;.;.;.;.;.;.;.;.;.;.;.;.;.;.;.;.;.;.;.;.;.;.;.;.;.;.;.;.;.;.;.;.;.;.;.;.;.;.
1560 Tingvoll;1560;Tingvoll;:;:;:;:;:;:;:;:;:;:;:;:;:;:;:;:;:;:;:;.;:;:;:;:;:;:;:;:;:;:;:;:;:;:;:;:;:;:;:;:;:;:;:;:;:;:;:;:;:;:;:;:;:;:;:;:;:;:;:;:
1563 Sunndal;1563;Sunndal;21;:;:;9;:;:;:;:;:;:;42,8571429;:;:;:;:;21;12;9;57,14285714;.;9;12;:;:;:;:;:;6;:;:;:;:;:;:;:;:;:;:;:;:;:;50;:;:;:;:;:;:;:;:;9;12;5;7;:;5;55,55555556;58,33333333;:;41,66666667
1566 Surnadal;1566;Surnadal;.;.;.;.;.;.;.;.;.;.;.;.;.;.;.;.;.;.;.;.;.;.;.;.;.;.;.;.;.;.;.;.;.;.;.;.;.;.;.;.;.;.;.;.;.;.;.;.;.;.;.;.;.;.;.;.;.;.;.;.
1567 Rindal;1567;Rindal;.;.;.;.;.;.;.;.;.;.;.;.;.;.;.;.;.;.;.;.;.;.;.;.;.;.;.;.;.;.;.;.;.;.;.;.;.;.;.;.;.;.;.;.;.;.;.;.;.;.;.;.;.;.;.;.;.;.;.;.
1571 Halsa;1571;Halsa;.;.;.;.;.;.;.;.;.;.;.;.;.;.;.;.;.;.;.;.;.;.;.;.;.;.;.;.;.;.;.;.;.;.;.;.;.;.;.;.;.;.;.;.;.;.;.;.;.;.;.;.;.;.;.;.;.;.;.;.
1573 Smøla;1573;Smøla;.;.;.;.;.;.;.;.;.;.;.;.;.;.;.;.;.;.;.;.;.;.;.;.;.;.;.;.;.;.;.;.;.;.;.;.;.;.;.;.;.;.;.;.;.;.;.;.;.;.;.;.;.;.;.;.;.;.;.;.
1576 Aure;1576;Aure;6;:;:;:;:;:;:;:;:;:;:;:;:;:;:;6;:;:;:;100;:;:;:;:;:;:;:;:;:;:;:;:;:;:;:;:;:;:;:;:;:;:;:;:;:;:;:;:;:;:;:;:;:;:;:;:;:;:;:;:
1601 Trondheim;1601;Trondheim;165;39;12;28;50;18;:;17;23,6363636;7,2727273;16,969697;30,3030303;10,9090909;:;10,3030303;165;78;87;47,27272727;:;82;83;23;16;7;5;15;13;18;32;10;8;:;:;8;9;28,04878049;19,27710843;8,536585366;6,024096386;18,29268293;15,6626506;21,95121951;38,55421687;12,19512195;9,638554217;:;:;9,756097561;10,84337349;82;83;33;45;49;38;40,24390244;54,21686747;59,75609756;45,78313253
1612 Hemne;1612;Hemne;:;:;:;:;:;:;:;:;:;:;:;:;:;:;:;:;:;:;:;:;:;:;:;:;:;:;:;:;:;:;:;:;:;:;:;:;:;:;:;:;:;:;:;:;:;:;:;:;:;:;:;:;:;:;:;:;:;:;:;:
1613 Snillfjord;1613;Snillfjord;.;.;.;.;.;.;.;.;.;.;.;.;.;.;.;.;.;.;.;:;.;.;.;.;.;.;.;.;.;.;.;.;.;.;.;.;.;.;.;.;.;.;.;.;.;.;.;.;.;.;.;.;.;.;.;.;.;.;.;.
1617 Hitra;1617;Hitra;:;:;:;:;:;:;:;:;:;:;:;:;:;:;:;:;:;:;:;0;:;:;:;:;:;:;:;:;:;:;:;:;:;:;:;:;:;:;:;:;:;:;:;:;:;:;:;:;:;:;:;:;:;:;:;:;:;:;:;:
1620 Frøya;1620;Frøya;.;.;.;.;.;.;.;.;.;.;.;.;.;.;.;.;.;.;.;avsluttning_arsak_3.annet;.;.;.;.;.;.;.;.;.;.;.;.;.;.;.;.;.;.;.;.;.;.;.;.;.;.;.;.;.;.;.;.;.;.;.;.;.;.;.;.
1621 Ørland;1621;Ørland;.;.;.;.;.;.;.;.;.;.;.;.;.;.;.;.;.;.;.;kjonn.alle;.;.;.;.;.;.;.;.;.;.;.;.;.;.;.;.;.;.;.;.;.;.;.;.;.;.;.;.;.;.;.;.;.;.;.;.;.;.;.;.
1622 Agdenes;1622;Agdenes;.;.;.;.;.;.;.;.;.;.;.;.;.;.;.;.;.;.;.;enhet.prosent;.;.;.;.;.;.;.;.;.;.;.;.;.;.;.;.;.;.;.;.;.;.;.;.;.;.;.;.;.;.;.;.;.;.;.;.;.;.;.;.
1624 Rissa;1624;Rissa;.;.;.;.;.;.;.;.;.;.;.;.;.;.;.;.;.;.;.;.;.;.;.;.;.;.;.;.;.;.;.;.;.;.;.;.;.;.;.;.;.;.;.;.;.;.;.;.;.;.;.;.;.;.;.;.;.;.;.;.
1627 Bjugn;1627;Bjugn;.;.;.;.;.;.;.;.;.;.;.;.;.;.;.;.;.;.;.;56,52173913;.;.;.;.;.;.;.;.;.;.;.;.;.;.;.;.;.;.;.;.;.;.;.;.;.;.;.;.;.;.;.;.;.;.;.;.;.;.;.;.
1630 Åfjord;1630;Åfjord;.;.;.;.;.;.;.;.;.;.;.;.;.;.;.;.;.;.;.;38,88888889;.;.;.;.;.;.;.;.;.;.;.;.;.;.;.;.;.;.;.;.;.;.;.;.;.;.;.;.;.;.;.;.;.;.;.;.;.;.;.;.
1632 Roan;1632;Roan;.;.;.;.;.;.;.;.;.;.;.;.;.;.;.;.;.;.;.;.;.;.;.;.;.;.;.;.;.;.;.;.;.;.;.;.;.;.;.;.;.;.;.;.;.;.;.;.;.;.;.;.;.;.;.;.;.;.;.;.
1633 Osen;1633;Osen;.;.;.;.;.;.;.;.;.;.;.;.;.;.;.;.;.;.;.;53,33333333;.;.;.;.;.;.;.;.;.;.;.;.;.;.;.;.;.;.;.;.;.;.;.;.;.;.;.;.;.;.;.;.;.;.;.;.;.;.;.;.
1634 Oppdal;1634;Oppdal;12;:;:;:;:;8;:;:;:;:;:;:;66,6666667;:;:;12;:;:;:;.;7;5;:;:;:;:;:;:;:;:;:;:;:;:;:;:;:;:;:;:;:;:;:;:;:;:;:;:;:;:;7;5;:;:;6;:;:;:;85,71428571;:
1635 Rennebu;1635;Rennebu;.;.;.;.;.;.;.;.;.;.;.;.;.;.;.;.;.;.;.;.;.;.;.;.;.;.;.;.;.;.;.;.;.;.;.;.;.;.;.;.;.;.;.;.;.;.;.;.;.;.;.;.;.;.;.;.;.;.;.;.
1636 Meldal;1636;Meldal;.;.;.;.;.;.;.;.;.;.;.;.;.;.;.;.;.;.;.;.;.;.;.;.;.;.;.;.;.;.;.;.;.;.;.;.;.;.;.;.;.;.;.;.;.;.;.;.;.;.;.;.;.;.;.;.;.;.;.;.
1638 Orkdal;1638;Orkdal;12;:;:;:;:;:;:;:;:;:;:;:;:;:;:;12;:;:;:;.;6;6;:;:;:;:;:;:;:;:;:;:;:;:;:;:;:;:;:;:;:;:;:;:;:;:;:;:;:;:;6;6;:;:;:;:;:;:;:;:
1640 Røros;1640;Røros;7;:;:;:;:;:;:;:;:;:;:;:;:;:;:;7;:;:;:;.;:;:;:;:;:;:;:;:;:;:;:;:;:;:;:;:;:;:;:;:;:;:;:;:;:;:;:;:;:;:;:;:;:;:;:;:;:;:;:;:
1644 Holtålen;1644;Holtålen;.;.;.;.;.;.;.;.;.;.;.;.;.;.;.;.;.;.;.;:;.;.;.;.;.;.;.;.;.;.;.;.;.;.;.;.;.;.;.;.;.;.;.;.;.;.;.;.;.;.;.;.;.;.;.;.;.;.;.;.
1648 Midtre Gauldal;1648;Midtre Gauldal;5;:;:;:;5;:;:;:;:;:;:;100;:;:;:;5;:;:;100;.;:;:;:;:;:;:;:;:;:;:;:;:;:;:;:;:;:;:;:;:;:;:;:;:;:;:;:;:;:;:;:;:;:;:;:;:;:;:;:;:
1653 Melhus;1653;Melhus;11;6;:;:;:;:;:;:;54,5454545;:;:;:;:;:;:;11;:;:;:;.;5;6;:;:;:;:;:;:;:;:;:;:;:;:;:;:;:;:;:;:;:;:;:;:;:;:;:;:;:;:;5;6;:;:;5;:;:;:;100;:
1657 Skaun;1657;Skaun;:;:;:;:;:;:;:;:;:;:;:;:;:;:;:;:;:;:;:;.;:;:;:;:;:;:;:;:;:;:;:;:;:;:;:;:;:;:;:;:;:;:;:;:;:;:;:;:;:;:;:;:;:;:;:;:;:;:;:;:
1662 Klæbu;1662;Klæbu;.;.;.;.;.;.;.;.;.;.;.;.;.;.;.;.;.;.;.;.;.;.;.;.;.;.;.;.;.;.;.;.;.;.;.;.;.;.;.;.;.;.;.;.;.;.;.;.;.;.;.;.;.;.;.;.;.;.;.;.
1663 Malvik;1663;Malvik;6;:;:;:;:;:;:;:;:;:;:;:;:;:;:;6;:;:;:;.;:;:;:;:;:;:;:;:;:;:;:;:;:;:;:;:;:;:;:;:;:;:;:;:;:;:;:;:;:;:;:;:;:;:;:;:;:;:;:;:
1664 Selbu;1664;Selbu;.;.;.;.;.;.;.;.;.;.;.;.;.;.;.;.;.;.;.;.;.;.;.;.;.;.;.;.;.;.;.;.;.;.;.;.;.;.;.;.;.;.;.;.;.;.;.;.;.;.;.;.;.;.;.;.;.;.;.;.
1665 Tydal;1665;Tydal;.;.;.;.;.;.;.;.;.;.;.;.;.;.;.;.;.;.;.;100;.;.;.;.;.;.;.;.;.;.;.;.;.;.;.;.;.;.;.;.;.;.;.;.;.;.;.;.;.;.;.;.;.;.;.;.;.;.;.;.
1702 Steinkjer;1702;Steinkjer;12;:;:;:;:;:;:;:;:;:;:;:;:;:;:;12;7;5;58,33333333;:;:;8;:;:;:;:;:;:;:;:;:;:;:;:;:;:;:;:;:;:;:;:;:;:;:;:;:;:;:;:;:;:;:;5;:;:;:;62,5;:;:
1703 Namsos;1703;Namsos;14;:;:;7;:;:;:;:;:;:;50;:;:;:;:;14;:;:;71,42857143;:;:;10;:;:;:;:;:;5;:;:;:;:;:;:;:;:;:;:;:;:;:;50;:;:;:;:;:;:;:;:;:;:;:;7;:;:;:;70;:;:
1711 Meråker;1711;Meråker;:;:;:;:;:;:;:;:;:;:;:;:;:;:;:;:;:;:;:;:;:;:;:;:;:;:;:;:;:;:;:;:;:;:;:;:;:;:;:;:;:;:;:;:;:;:;:;:;:;:;:;:;:;:;:;:;:;:;:;:
1714 Stjørdal;1714;Stjørdal;15;:;:;12;:;:;:;:;:;:;80;:;:;:;:;15;:;:;80;0;8;7;:;:;:;:;5;7;:;:;:;:;:;:;:;:;:;:;:;:;62,5;100;:;:;:;:;:;:;:;:;8;7;5;7;:;:;62,5;100;:;:
1717 Frosta;1717;Frosta;.;.;.;.;.;.;.;.;.;.;.;.;.;.;.;.;.;.;.;avsluttning_arsak_3.annet;.;.;.;.;.;.;.;.;.;.;.;.;.;.;.;.;.;.;.;.;.;.;.;.;.;.;.;.;.;.;.;.;.;.;.;.;.;.;.;.
1718 Leksvik;1718;Leksvik;:;:;:;:;:;:;:;:;:;:;:;:;:;:;:;:;:;:;:;kjonn.alle;:;:;:;:;:;:;:;:;:;:;:;:;:;:;:;:;:;:;:;:;:;:;:;:;:;:;:;:;:;:;:;:;:;:;:;:;:;:;:;:
1719 Levanger;1719;Levanger;20;:;:;9;:;:;:;7;:;:;45;:;:;:;35;20;13;7;65;enhet.prosent;8;12;:;:;:;:;:;6;:;:;:;:;:;:;:;:;:;:;:;:;:;50;:;:;:;:;:;:;:;:;8;12;5;8;:;:;62,5;66,66666667;:;:
1721 Verdal;1721;Verdal;13;:;:;5;:;:;:;:;:;:;38,4615385;:;:;:;:;13;7;6;53,84615385;.;6;7;:;:;:;:;:;:;:;:;:;:;:;:;:;:;:;:;:;:;:;:;:;:;:;:;:;:;:;:;6;7;:;:;:;:;:;:;:;:
1724 Verran;1724;Verran;7;:;:;:;:;:;:;:;:;:;:;:;:;:;:;7;:;:;:;56,52173913;:;5;:;:;:;:;:;:;:;:;:;:;:;:;:;:;:;:;:;:;:;:;:;:;:;:;:;:;:;:;:;:;:;:;:;5;:;:;:;100
1725 Namdalseid;1725;Namdalseid;.;.;.;.;.;.;.;.;.;.;.;.;.;.;.;.;.;.;.;38,88888889;.;.;.;.;.;.;.;.;.;.;.;.;.;.;.;.;.;.;.;.;.;.;.;.;.;.;.;.;.;.;.;.;.;.;.;.;.;.;.;.
1736 Snåsa;1736;Snåsa;.;.;.;.;.;.;.;.;.;.;.;.;.;.;.;.;.;.;.;.;.;.;.;.;.;.;.;.;.;.;.;.;.;.;.;.;.;.;.;.;.;.;.;.;.;.;.;.;.;.;.;.;.;.;.;.;.;.;.;.
1738 Lierne;1738;Lierne;.;.;.;.;.;.;.;.;.;.;.;.;.;.;.;.;.;.;.;53,33333333;.;.;.;.;.;.;.;.;.;.;.;.;.;.;.;.;.;.;.;.;.;.;.;.;.;.;.;.;.;.;.;.;.;.;.;.;.;.;.;.
1739 Røyrvik;1739;Røyrvik;.;.;.;.;.;.;.;.;.;.;.;.;.;.;.;.;.;.;.;.;.;.;.;.;.;.;.;.;.;.;.;.;.;.;.;.;.;.;.;.;.;.;.;.;.;.;.;.;.;.;.;.;.;.;.;.;.;.;.;.
1740 Namsskogan;1740;Namsskogan;.;.;.;.;.;.;.;.;.;.;.;.;.;.;.;.;.;.;.;.;.;.;.;.;.;.;.;.;.;.;.;.;.;.;.;.;.;.;.;.;.;.;.;.;.;.;.;.;.;.;.;.;.;.;.;.;.;.;.;.
1742 Grong;1742;Grong;6;:;:;:;:;:;:;:;:;:;:;:;:;:;:;6;:;:;:;.;:;:;:;:;:;:;:;:;:;:;:;:;:;:;:;:;:;:;:;:;:;:;:;:;:;:;:;:;:;:;:;:;:;:;:;:;:;:;:;:
1743 Høylandet;1743;Høylandet;.;.;.;.;.;.;.;.;.;.;.;.;.;.;.;.;.;.;.;.;.;.;.;.;.;.;.;.;.;.;.;.;.;.;.;.;.;.;.;.;.;.;.;.;.;.;.;.;.;.;.;.;.;.;.;.;.;.;.;.
1744 Overhalla;1744;Overhalla;:;:;:;:;:;:;:;:;:;:;:;:;:;:;:;:;:;:;:;.;:;:;:;:;:;:;:;:;:;:;:;:;:;:;:;:;:;:;:;:;:;:;:;:;:;:;:;:;:;:;:;:;:;:;:;:;:;:;:;:
1748 Fosnes;1748;Fosnes;.;.;.;.;.;.;.;.;.;.;.;.;.;.;.;.;.;.;.;:;.;.;.;.;.;.;.;.;.;.;.;.;.;.;.;.;.;.;.;.;.;.;.;.;.;.;.;.;.;.;.;.;.;.;.;.;.;.;.;.
1749 Flatanger;1749;Flatanger;.;.;.;.;.;.;.;.;.;.;.;.;.;.;.;.;.;.;.;.;.;.;.;.;.;.;.;.;.;.;.;.;.;.;.;.;.;.;.;.;.;.;.;.;.;.;.;.;.;.;.;.;.;.;.;.;.;.;.;.
1750 Vikna;1750;Vikna;6;:;:;:;:;:;:;:;:;:;:;:;:;:;:;6;:;:;:;.;:;:;:;:;:;:;:;:;:;:;:;:;:;:;:;:;:;:;:;:;:;:;:;:;:;:;:;:;:;:;:;:;:;:;:;:;:;:;:;:
1751 Nærøy;1751;Nærøy;12;:;:;7;:;:;:;:;:;:;58,3333333;:;:;:;:;12;:;:;83,33333333;.;:;10;:;:;:;:;:;6;:;:;:;:;:;:;:;:;:;:;:;:;:;60;:;:;:;:;:;:;:;:;:;:;:;9;:;:;:;90;:;:
1755 Leka;1755;Leka;.;.;.;.;.;.;.;.;.;.;.;.;.;.;.;.;.;.;.;.;.;.;.;.;.;.;.;.;.;.;.;.;.;.;.;.;.;.;.;.;.;.;.;.;.;.;.;.;.;.;.;.;.;.;.;.;.;.;.;.
1756 Inderøy (f.o.m. 2012);1756;Inderøy (f.o.m. 2012);:;:;:;:;:;:;:;:;:;:;:;:;:;:;:;:;:;:;:;.;:;:;:;:;:;:;:;:;:;:;:;:;:;:;:;:;:;:;:;:;:;:;:;:;:;:;:;:;:;:;:;:;:;:;:;:;:;:;:;:
1804 Bodø;1804;Bodø;31;7;:;5;12;:;:;:;22,5806452;:;16,1290323;38,7096774;:;:;:;31;17;14;54,83870968;.;8;23;:;5;:;:;:;:;:;12;:;:;:;:;:;:;:;21,73913043;:;:;:;:;:;52,17391304;:;:;:;:;:;:;8;23;:;15;6;8;:;65,2173913;75;34,7826087
1805 Narvik;1805;Narvik;20;5;6;5;:;:;:;:;25;30;25;:;:;:;:;20;7;13;35;100;12;8;:;:;5;:;:;:;:;:;:;:;:;:;:;:;:;:;41,66666667;:;:;:;:;:;:;:;:;:;:;:;12;8;:;6;11;:;:;75;91,66666667;:
1811 Bindal;1811;Bindal;.;.;.;.;.;.;.;.;.;.;.;.;.;.;.;.;.;.;.;:;.;.;.;.;.;.;.;.;.;.;.;.;.;.;.;.;.;.;.;.;.;.;.;.;.;.;.;.;.;.;.;.;.;.;.;.;.;.;.;.
1812 Sømna;1812;Sømna;:;:;:;:;:;:;:;:;:;:;:;:;:;:;:;:;:;:;:;:;:;:;:;:;:;:;:;:;:;:;:;:;:;:;:;:;:;:;:;:;:;:;:;:;:;:;:;:;:;:;:;:;:;:;:;:;:;:;:;:
1813 Brønnøy;1813;Brønnøy;13;:;6;:;:;:;:;:;:;46,1538462;:;:;:;:;:;13;:;:;:;:;7;6;:;:;:;:;:;:;:;:;:;:;:;:;:;:;:;:;:;:;:;:;:;:;:;:;:;:;:;:;7;6;:;:;7;:;:;:;100;:
1815 Vega;1815;Vega;.;.;.;.;.;.;.;.;.;.;.;.;.;.;.;.;.;.;.;0;.;.;.;.;.;.;.;.;.;.;.;.;.;.;.;.;.;.;.;.;.;.;.;.;.;.;.;.;.;.;.;.;.;.;.;.;.;.;.;.
1816 Vevelstad;1816;Vevelstad;.;.;.;.;.;.;.;.;.;.;.;.;.;.;.;.;.;.;.;avsluttning_arsak_3.annet;.;.;.;.;.;.;.;.;.;.;.;.;.;.;.;.;.;.;.;.;.;.;.;.;.;.;.;.;.;.;.;.;.;.;.;.;.;.;.;.
1818 Herøy (Nordl.);1818;Herøy (Nordl.);.;.;.;.;.;.;.;.;.;.;.;.;.;.;.;.;.;.;.;kjonn.alle;.;.;.;.;.;.;.;.;.;.;.;.;.;.;.;.;.;.;.;.;.;.;.;.;.;.;.;.;.;.;.;.;.;.;.;.;.;.;.;.
1820 Alstahaug;1820;Alstahaug;24;6;8;:;:;:;:;5;25;33,3333333;:;:;:;:;20,8333333;24;5;19;20,83333333;enhet.prosent;7;17;:;:;:;6;:;:;:;:;:;:;:;:;:;:;:;:;:;35,29411765;:;:;:;:;:;:;:;:;:;:;7;17;:;5;7;12;:;29,41176471;100;70,58823529
1822 Leirfjord;1822;Leirfjord;7;:;:;:;:;:;:;:;:;:;:;:;:;:;:;7;:;:;:;.;:;:;:;:;:;:;:;:;:;:;:;:;:;:;:;:;:;:;:;:;:;:;:;:;:;:;:;:;:;:;:;:;:;:;:;:;:;:;:;:
1824 Vefsn;1824;Vefsn;7;:;:;:;:;:;:;:;:;:;:;:;:;:;:;7;:;:;85,71428571;56,52173913;6;:;:;:;:;:;:;:;:;:;:;:;:;:;:;:;:;:;:;:;:;:;:;:;:;:;:;:;:;:;:;:;5;:;:;:;83,33333333;:;:;:
1825 Grane;1825;Grane;.;.;.;.;.;.;.;.;.;.;.;.;.;.;.;.;.;.;.;38,88888889;.;.;.;.;.;.;.;.;.;.;.;.;.;.;.;.;.;.;.;.;.;.;.;.;.;.;.;.;.;.;.;.;.;.;.;.;.;.;.;.
1826 Hattfjelldal;1826;Hattfjelldal;5;:;:;:;:;:;:;:;:;:;:;:;:;:;:;5;:;:;:;.;:;:;:;:;:;:;:;:;:;:;:;:;:;:;:;:;:;:;:;:;:;:;:;:;:;:;:;:;:;:;:;:;:;:;:;:;:;:;:;:
1827 Dønna;1827;Dønna;.;.;.;.;.;.;.;.;.;.;.;.;.;.;.;.;.;.;.;53,33333333;.;.;.;.;.;.;.;.;.;.;.;.;.;.;.;.;.;.;.;.;.;.;.;.;.;.;.;.;.;.;.;.;.;.;.;.;.;.;.;.
1828 Nesna;1828;Nesna;:;:;:;:;:;:;:;:;:;:;:;:;:;:;:;:;:;:;:;.;:;:;:;:;:;:;:;:;:;:;:;:;:;:;:;:;:;:;:;:;:;:;:;:;:;:;:;:;:;:;:;:;:;:;:;:;:;:;:;:
1832 Hemnes;1832;Hemnes;.;.;.;.;.;.;.;.;.;.;.;.;.;.;.;.;.;.;.;.;.;.;.;.;.;.;.;.;.;.;.;.;.;.;.;.;.;.;.;.;.;.;.;.;.;.;.;.;.;.;.;.;.;.;.;.;.;.;.;.
1833 Rana;1833;Rana;9;:;:;:;:;:;:;5;:;:;:;:;:;:;55,5555556;9;:;:;:;.;:;6;:;:;:;:;:;:;:;:;:;:;:;:;:;5;:;:;:;:;:;:;:;:;:;:;:;:;:;83,33333333;:;:;:;:;:;5;:;:;:;83,33333333
1834 Lurøy;1834;Lurøy;.;.;.;.;.;.;.;.;.;.;.;.;.;.;.;.;.;.;.;.;.;.;.;.;.;.;.;.;.;.;.;.;.;.;.;.;.;.;.;.;.;.;.;.;.;.;.;.;.;.;.;.;.;.;.;.;.;.;.;.
1835 Træna;1835;Træna;.;.;.;.;.;.;.;.;.;.;.;.;.;.;.;.;.;.;.;.;.;.;.;.;.;.;.;.;.;.;.;.;.;.;.;.;.;.;.;.;.;.;.;.;.;.;.;.;.;.;.;.;.;.;.;.;.;.;.;.
1836 Rødøy;1836;Rødøy;.;.;.;.;.;.;.;.;.;.;.;.;.;.;.;.;.;.;.;:;.;.;.;.;.;.;.;.;.;.;.;.;.;.;.;.;.;.;.;.;.;.;.;.;.;.;.;.;.;.;.;.;.;.;.;.;.;.;.;.
1837 Meløy;1837;Meløy;:;:;:;:;:;:;:;:;:;:;:;:;:;:;:;:;:;:;:;.;:;:;:;:;:;:;:;:;:;:;:;:;:;:;:;:;:;:;:;:;:;:;:;:;:;:;:;:;:;:;:;:;:;:;:;:;:;:;:;:
1838 Gildeskål;1838;Gildeskål;:;:;:;:;:;:;:;:;:;:;:;:;:;:;:;:;:;:;:;.;:;:;:;:;:;:;:;:;:;:;:;:;:;:;:;:;:;:;:;:;:;:;:;:;:;:;:;:;:;:;:;:;:;:;:;:;:;:;:;:
1839 Beiarn;1839;Beiarn;.;.;.;.;.;.;.;.;.;.;.;.;.;.;.;.;.;.;.;.;.;.;.;.;.;.;.;.;.;.;.;.;.;.;.;.;.;.;.;.;.;.;.;.;.;.;.;.;.;.;.;.;.;.;.;.;.;.;.;.
1840 Saltdal;1840;Saltdal;:;:;:;:;:;:;:;:;:;:;:;:;:;:;:;:;:;:;:;.;:;:;:;:;:;:;:;:;:;:;:;:;:;:;:;:;:;:;:;:;:;:;:;:;:;:;:;:;:;:;:;:;:;:;:;:;:;:;:;:
1841 Fauske;1841;Fauske;11;:;:;:;:;5;:;:;:;:;:;:;45,4545455;:;:;11;:;:;:;.;5;6;:;:;:;:;:;:;:;:;:;:;:;:;:;:;:;:;:;:;:;:;:;:;:;:;:;:;:;:;5;6;:;:;:;5;:;:;:;83,33333333
1845 Sørfold;1845;Sørfold;.;.;.;.;.;.;.;.;.;.;.;.;.;.;.;.;.;.;.;.;.;.;.;.;.;.;.;.;.;.;.;.;.;.;.;.;.;.;.;.;.;.;.;.;.;.;.;.;.;.;.;.;.;.;.;.;.;.;.;.
1848 Steigen;1848;Steigen;:;:;:;:;:;:;:;:;:;:;:;:;:;:;:;:;:;:;:;100;:;:;:;:;:;:;:;:;:;:;:;:;:;:;:;:;:;:;:;:;:;:;:;:;:;:;:;:;:;:;:;:;:;:;:;:;:;:;:;:
1849 Hamarøy;1849;Hamarøy;.;.;.;.;.;.;.;.;.;.;.;.;.;.;.;.;.;.;.;:;.;.;.;.;.;.;.;.;.;.;.;.;.;.;.;.;.;.;.;.;.;.;.;.;.;.;.;.;.;.;.;.;.;.;.;.;.;.;.;.
1850 Tysfjord;1850;Tysfjord;:;:;:;:;:;:;:;:;:;:;:;:;:;:;:;:;:;:;:;:;:;:;:;:;:;:;:;:;:;:;:;:;:;:;:;:;:;:;:;:;:;:;:;:;:;:;:;:;:;:;:;:;:;:;:;:;:;:;:;:
1851 Lødingen;1851;Lødingen;8;:;:;:;:;:;:;6;:;:;:;:;:;:;75;8;:;:;:;:;:;5;:;:;:;:;:;:;:;:;:;:;:;:;:;:;:;:;:;:;:;:;:;:;:;:;:;:;:;:;:;:;:;:;:;:;:;:;:;:
1852 Tjeldsund;1852;Tjeldsund;.;.;.;.;.;.;.;.;.;.;.;.;.;.;.;.;.;.;.;0;.;.;.;.;.;.;.;.;.;.;.;.;.;.;.;.;.;.;.;.;.;.;.;.;.;.;.;.;.;.;.;.;.;.;.;.;.;.;.;.
1853 Evenes;1853;Evenes;.;.;.;.;.;.;.;.;.;.;.;.;.;.;.;.;.;.;.;avsluttning_arsak_3.annet;.;.;.;.;.;.;.;.;.;.;.;.;.;.;.;.;.;.;.;.;.;.;.;.;.;.;.;.;.;.;.;.;.;.;.;.;.;.;.;.
1854 Ballangen;1854;Ballangen;8;:;:;:;:;:;:;:;:;:;:;:;:;:;:;8;:;:;:;kjonn.alle;5;:;:;:;:;:;:;:;:;:;:;:;:;:;:;:;:;:;:;:;:;:;:;:;:;:;:;:;:;:;:;:;:;:;:;:;:;:;:;:
1856 Røst;1856;Røst;.;.;.;.;.;.;.;.;.;.;.;.;.;.;.;.;.;.;.;enhet.prosent;.;.;.;.;.;.;.;.;.;.;.;.;.;.;.;.;.;.;.;.;.;.;.;.;.;.;.;.;.;.;.;.;.;.;.;.;.;.;.;.
1857 Værøy;1857;Værøy;.;.;.;.;.;.;.;.;.;.;.;.;.;.;.;.;.;.;.;.;.;.;.;.;.;.;.;.;.;.;.;.;.;.;.;.;.;.;.;.;.;.;.;.;.;.;.;.;.;.;.;.;.;.;.;.;.;.;.;.
1859 Flakstad;1859;Flakstad;.;.;.;.;.;.;.;.;.;.;.;.;.;.;.;.;.;.;.;56,52173913;.;.;.;.;.;.;.;.;.;.;.;.;.;.;.;.;.;.;.;.;.;.;.;.;.;.;.;.;.;.;.;.;.;.;.;.;.;.;.;.
1860 Vestvågøy;1860;Vestvågøy;18;:;6;:;:;:;:;:;:;33,3333333;:;:;:;:;:;18;6;12;33,33333333;38,88888889;12;6;:;:;:;:;:;:;:;:;:;:;:;:;:;:;:;:;:;:;:;:;:;:;:;:;:;:;:;:;12;6;:;:;9;:;:;:;75;:
1865 Vågan;1865;Vågan;7;:;:;:;:;:;:;:;:;:;:;:;:;:;:;7;:;:;:;.;:;5;:;:;:;:;:;:;:;:;:;:;:;:;:;:;:;:;:;:;:;:;:;:;:;:;:;:;:;:;:;:;:;:;:;:;:;:;:;:
1866 Hadsel;1866;Hadsel;11;:;6;:;:;:;:;:;:;54,5454545;:;:;:;:;:;11;:;:;:;53,33333333;5;6;:;:;:;:;:;:;:;:;:;:;:;:;:;:;:;:;:;:;:;:;:;:;:;:;:;:;:;:;5;6;:;:;:;5;:;:;:;83,33333333
1867 Bø (Nordl.);1867;Bø (Nordl.);.;.;.;.;.;.;.;.;.;.;.;.;.;.;.;.;.;.;.;.;.;.;.;.;.;.;.;.;.;.;.;.;.;.;.;.;.;.;.;.;.;.;.;.;.;.;.;.;.;.;.;.;.;.;.;.;.;.;.;.
1868 Øksnes;1868;Øksnes;:;:;:;:;:;:;:;:;:;:;:;:;:;:;:;:;:;:;:;.;:;:;:;:;:;:;:;:;:;:;:;:;:;:;:;:;:;:;:;:;:;:;:;:;:;:;:;:;:;:;:;:;:;:;:;:;:;:;:;:
1870 Sortland;1870;Sortland;.;.;.;.;.;.;.;.;.;.;.;.;.;.;.;.;.;.;.;.;.;.;.;.;.;.;.;.;.;.;.;.;.;.;.;.;.;.;.;.;.;.;.;.;.;.;.;.;.;.;.;.;.;.;.;.;.;.;.;.
1871 Andøy;1871;Andøy;13;:;:;:;:;:;:;5;:;:;:;:;:;:;38,4615385;13;:;:;:;.;:;12;:;:;:;:;:;:;:;:;:;:;:;:;:;:;:;:;:;:;:;:;:;:;:;:;:;:;:;:;:;:;:;:;:;9;:;:;:;75
1874 Moskenes;1874;Moskenes;.;.;.;.;.;.;.;.;.;.;.;.;.;.;.;.;.;.;.;.;.;.;.;.;.;.;.;.;.;.;.;.;.;.;.;.;.;.;.;.;.;.;.;.;.;.;.;.;.;.;.;.;.;.;.;.;.;.;.;.
1902 Tromsø;1902;Tromsø;79;16;7;11;35;:;:;9;20,2531646;8,8607595;13,9240506;44,3037975;:;:;11,3924051;79;46;33;58,2278481;:;28;51;6;10;:;:;:;7;12;23;:;:;:;:;:;7;21,42857143;19,60784314;:;:;:;13,7254902;42,85714286;45,09803922;:;:;:;:;:;13,7254902;28;51;16;30;12;21;57,14285714;58,82352941;42,85714286;41,17647059
1903 Harstad;1903;Harstad;20;6;:;:;6;:;:;:;30;:;:;30;:;:;:;20;10;10;50;.;10;10;:;:;:;:;:;:;:;:;:;:;:;:;:;:;:;:;:;:;:;:;:;:;:;:;:;:;:;:;10;10;5;5;5;5;50;50;50;50
1911 Kvæfjord;1911;Kvæfjord;6;:;:;:;:;:;:;:;:;:;:;:;:;:;:;6;:;:;:;.;:;:;:;:;:;:;:;:;:;:;:;:;:;:;:;:;:;:;:;:;:;:;:;:;:;:;:;:;:;:;:;:;:;:;:;:;:;:;:;:
1913 Skånland;1913;Skånland;:;:;:;:;:;:;:;:;:;:;:;:;:;:;:;:;:;:;:;.;:;:;:;:;:;:;:;:;:;:;:;:;:;:;:;:;:;:;:;:;:;:;:;:;:;:;:;:;:;:;:;:;:;:;:;:;:;:;:;:
1917 Ibestad;1917;Ibestad;.;.;.;.;.;.;.;.;.;.;.;.;.;.;.;.;.;.;.;.;.;.;.;.;.;.;.;.;.;.;.;.;.;.;.;.;.;.;.;.;.;.;.;.;.;.;.;.;.;.;.;.;.;.;.;.;.;.;.;.
1919 Gratangen;1919;Gratangen;:;:;:;:;:;:;:;:;:;:;:;:;:;:;:;:;:;:;:;.;:;:;:;:;:;:;:;:;:;:;:;:;:;:;:;:;:;:;:;:;:;:;:;:;:;:;:;:;:;:;:;:;:;:;:;:;:;:;:;:
1920 Lavangen;1920;Lavangen;.;.;.;.;.;.;.;.;.;.;.;.;.;.;.;.;.;.;.;.;.;.;.;.;.;.;.;.;.;.;.;.;.;.;.;.;.;.;.;.;.;.;.;.;.;.;.;.;.;.;.;.;.;.;.;.;.;.;.;.
1922 Bardu;1922;Bardu;5;:;:;:;:;:;:;:;:;:;:;:;:;:;:;5;:;:;:;100;:;:;:;:;:;:;:;:;:;:;:;:;:;:;:;:;:;:;:;:;:;:;:;:;:;:;:;:;:;:;:;:;:;:;:;:;:;:;:;:
1923 Salangen;1923;Salangen;:;:;:;:;:;:;:;:;:;:;:;:;:;:;:;:;:;:;:;:;:;:;:;:;:;:;:;:;:;:;:;:;:;:;:;:;:;:;:;:;:;:;:;:;:;:;:;:;:;:;:;:;:;:;:;:;:;:;:;:
1924 Målselv;1924;Målselv;9;:;:;:;:;:;:;:;:;:;:;:;:;:;:;9;:;:;:;:;:;5;:;:;:;:;:;:;:;:;:;:;:;:;:;:;:;:;:;:;:;:;:;:;:;:;:;:;:;:;:;:;:;:;:;:;:;:;:;:
1925 Sørreisa;1925;Sørreisa;:;:;:;:;:;:;:;:;:;:;:;:;:;:;:;:;:;:;:;:;:;:;:;:;:;:;:;:;:;:;:;:;:;:;:;:;:;:;:;:;:;:;:;:;:;:;:;:;:;:;:;:;:;:;:;:;:;:;:;:
1926 Dyrøy;1926;Dyrøy;.;.;.;.;.;.;.;.;.;.;.;.;.;.;.;.;.;.;.;0;.;.;.;.;.;.;.;.;.;.;.;.;.;.;.;.;.;.;.;.;.;.;.;.;.;.;.;.;.;.;.;.;.;.;.;.;.;.;.;.
1927 Tranøy;1927;Tranøy;:;:;:;:;:;:;:;:;:;:;:;:;:;:;:;:;:;:;:;avsluttning_arsak_3.annet;:;:;:;:;:;:;:;:;:;:;:;:;:;:;:;:;:;:;:;:;:;:;:;:;:;:;:;:;:;:;:;:;:;:;:;:;:;:;:;:
1928 Torsken;1928;Torsken;.;.;.;.;.;.;.;.;.;.;.;.;.;.;.;.;.;.;.;kjonn.alle;.;.;.;.;.;.;.;.;.;.;.;.;.;.;.;.;.;.;.;.;.;.;.;.;.;.;.;.;.;.;.;.;.;.;.;.;.;.;.;.
1929 Berg;1929;Berg;.;.;.;.;.;.;.;.;.;.;.;.;.;.;.;.;.;.;.;enhet.prosent;.;.;.;.;.;.;.;.;.;.;.;.;.;.;.;.;.;.;.;.;.;.;.;.;.;.;.;.;.;.;.;.;.;.;.;.;.;.;.;.
1931 Lenvik;1931;Lenvik;18;:;:;:;5;:;:;:;:;:;:;27,7777778;:;:;:;18;9;9;50;.;9;9;:;:;:;:;:;:;:;5;:;:;:;:;:;:;:;:;:;:;:;:;:;55,55555556;:;:;:;:;:;:;9;9;:;7;7;:;:;77,77777778;77,77777778;:
1933 Balsfjord;1933;Balsfjord;.;.;.;.;.;.;.;.;.;.;.;.;.;.;.;.;.;.;.;56,52173913;.;.;.;.;.;.;.;.;.;.;.;.;.;.;.;.;.;.;.;.;.;.;.;.;.;.;.;.;.;.;.;.;.;.;.;.;.;.;.;.
1936 Karlsøy;1936;Karlsøy;.;.;.;.;.;.;.;.;.;.;.;.;.;.;.;.;.;.;.;38,88888889;.;.;.;.;.;.;.;.;.;.;.;.;.;.;.;.;.;.;.;.;.;.;.;.;.;.;.;.;.;.;.;.;.;.;.;.;.;.;.;.
1938 Lyngen;1938;Lyngen;.;.;.;.;.;.;.;.;.;.;.;.;.;.;.;.;.;.;.;.;.;.;.;.;.;.;.;.;.;.;.;.;.;.;.;.;.;.;.;.;.;.;.;.;.;.;.;.;.;.;.;.;.;.;.;.;.;.;.;.
1939 Storfjord;1939;Storfjord;.;.;.;.;.;.;.;.;.;.;.;.;.;.;.;.;.;.;.;53,33333333;.;.;.;.;.;.;.;.;.;.;.;.;.;.;.;.;.;.;.;.;.;.;.;.;.;.;.;.;.;.;.;.;.;.;.;.;.;.;.;.
1940 Kåfjord;1940;Kåfjord;.;.;.;.;.;.;.;.;.;.;.;.;.;.;.;.;.;.;.;.;.;.;.;.;.;.;.;.;.;.;.;.;.;.;.;.;.;.;.;.;.;.;.;.;.;.;.;.;.;.;.;.;.;.;.;.;.;.;.;.
1941 Skjervøy;1941;Skjervøy;.;.;.;.;.;.;.;.;.;.;.;.;.;.;.;.;.;.;.;.;.;.;.;.;.;.;.;.;.;.;.;.;.;.;.;.;.;.;.;.;.;.;.;.;.;.;.;.;.;.;.;.;.;.;.;.;.;.;.;.
1942 Nordreisa;1942;Nordreisa;6;:;:;:;5;:;:;:;:;:;:;83,3333333;:;:;:;6;:;:;83,33333333;.;:;:;:;:;:;:;:;:;:;:;:;:;:;:;:;:;:;:;:;:;:;:;:;:;:;:;:;:;:;:;:;:;:;:;:;:;:;:;:;:
1943 Kvænangen;1943;Kvænangen;.;.;.;.;.;.;.;.;.;.;.;.;.;.;.;.;.;.;.;.;.;.;.;.;.;.;.;.;.;.;.;.;.;.;.;.;.;.;.;.;.;.;.;.;.;.;.;.;.;.;.;.;.;.;.;.;.;.;.;.
2002 Vardø;2002;Vardø;.;.;.;.;.;.;.;.;.;.;.;.;.;.;.;.;.;.;.;.;.;.;.;.;.;.;.;.;.;.;.;.;.;.;.;.;.;.;.;.;.;.;.;.;.;.;.;.;.;.;.;.;.;.;.;.;.;.;.;.
2003 Vadsø;2003;Vadsø;23;6;:;:;7;6;:;:;26,0869565;:;:;30,4347826;26,0869565;:;:;23;10;13;43,47826087;:;13;10;5;:;:;:;:;:;:;5;:;:;:;:;:;:;38,46153846;:;:;:;:;:;:;50;:;:;:;:;:;:;13;10;:;6;9;:;:;60;69,23076923;:
2004 Hammerfest;2004;Hammerfest;18;:;:;:;7;:;:;:;:;:;:;38,8888889;:;:;:;18;11;7;61,11111111;.;6;12;:;:;:;:;:;:;:;6;:;:;:;:;:;:;:;:;:;:;:;:;:;50;:;:;:;:;:;:;6;12;:;10;5;:;:;83,33333333;83,33333333;:
2011 Kautokeino;2011;Kautokeino;.;.;.;.;.;.;.;.;.;.;.;.;.;.;.;.;.;.;.;.;.;.;.;.;.;.;.;.;.;.;.;.;.;.;.;.;.;.;.;.;.;.;.;.;.;.;.;.;.;.;.;.;.;.;.;.;.;.;.;.
2012 Alta;2012;Alta;15;:;:;:;:;:;:;:;:;:;:;:;:;:;:;15;7;8;46,66666667;.;10;5;:;:;:;:;:;:;:;:;:;:;:;:;:;:;:;:;:;:;:;:;:;:;:;:;:;:;:;:;10;5;:;:;6;:;:;:;60;:
2014 Loppa;2014;Loppa;.;.;.;.;.;.;.;.;.;.;.;.;.;.;.;.;.;.;.;.;.;.;.;.;.;.;.;.;.;.;.;.;.;.;.;.;.;.;.;.;.;.;.;.;.;.;.;.;.;.;.;.;.;.;.;.;.;.;.;.
2015 Hasvik;2015;Hasvik;.;.;.;.;.;.;.;.;.;.;.;.;.;.;.;.;.;.;.;.;.;.;.;.;.;.;.;.;.;.;.;.;.;.;.;.;.;.;.;.;.;.;.;.;.;.;.;.;.;.;.;.;.;.;.;.;.;.;.;.
2017 Kvalsund;2017;Kvalsund;.;.;.;.;.;.;.;.;.;.;.;.;.;.;.;.;.;.;.;.;.;.;.;.;.;.;.;.;.;.;.;.;.;.;.;.;.;.;.;.;.;.;.;.;.;.;.;.;.;.;.;.;.;.;.;.;.;.;.;.
2018 Måsøy;2018;Måsøy;.;.;.;.;.;.;.;.;.;.;.;.;.;.;.;.;.;.;.;100;.;.;.;.;.;.;.;.;.;.;.;.;.;.;.;.;.;.;.;.;.;.;.;.;.;.;.;.;.;.;.;.;.;.;.;.;.;.;.;.
2019 Nordkapp;2019;Nordkapp;.;.;.;.;.;.;.;.;.;.;.;.;.;.;.;.;.;.;.;:;.;.;.;.;.;.;.;.;.;.;.;.;.;.;.;.;.;.;.;.;.;.;.;.;.;.;.;.;.;.;.;.;.;.;.;.;.;.;.;.
2020 Porsanger;2020;Porsanger Porsángu Porsanki;5;:;:;:;:;:;:;:;:;:;:;:;:;:;:;5;:;:;:;:;:;:;:;:;:;:;:;:;:;:;:;:;:;:;:;:;:;:;:;:;:;:;:;:;:;:;:;:;:;:;:;:;:;:;:;:;:;:;:;:
2021 Karasjok;2021;Karasjok;.;.;.;.;.;.;.;.;.;.;.;.;.;.;.;.;.;.;.;:;.;.;.;.;.;.;.;.;.;.;.;.;.;.;.;.;.;.;.;.;.;.;.;.;.;.;.;.;.;.;.;.;.;.;.;.;.;.;.;.
2022 Lebesby;2022;Lebesby;.;.;.;.;.;.;.;.;.;.;.;.;.;.;.;.;.;.;.;0;.;.;.;.;.;.;.;.;.;.;.;.;.;.;.;.;.;.;.;.;.;.;.;.;.;.;.;.;.;.;.;.;.;.;.;.;.;.;.;.
2023 Gamvik;2023;Gamvik;.;.;.;.;.;.;.;.;.;.;.;.;.;.;.;.;.;.;.;avsluttning_arsak_3.annet;.;.;.;.;.;.;.;.;.;.;.;.;.;.;.;.;.;.;.;.;.;.;.;.;.;.;.;.;.;.;.;.;.;.;.;.;.;.;.;.
2024 Berlevåg;2024;Berlevåg;.;.;.;.;.;.;.;.;.;.;.;.;.;.;.;.;.;.;.;kjonn.alle;.;.;.;.;.;.;.;.;.;.;.;.;.;.;.;.;.;.;.;.;.;.;.;.;.;.;.;.;.;.;.;.;.;.;.;.;.;.;.;.
2025 Tana;2025;Tana;.;.;.;.;.;.;.;.;.;.;.;.;.;.;.;.;.;.;.;enhet.prosent;.;.;.;.;.;.;.;.;.;.;.;.;.;.;.;.;.;.;.;.;.;.;.;.;.;.;.;.;.;.;.;.;.;.;.;.;.;.;.;.
2027 Nesseby;2027;Nesseby;.;.;.;.;.;.;.;.;.;.;.;.;.;.;.;.;.;.;.;.;.;.;.;.;.;.;.;.;.;.;.;.;.;.;.;.;.;.;.;.;.;.;.;.;.;.;.;.;.;.;.;.;.;.;.;.;.;.;.;.
2028 Båtsfjord;2028;Båtsfjord;5;:;:;:;:;:;:;:;:;:;:;:;:;:;:;5;:;:;:;56,52173913;:;:;:;:;:;:;:;:;:;:;:;:;:;:;:;:;:;:;:;:;:;:;:;:;:;:;:;:;:;:;:;:;:;:;:;:;:;:;:;:
2030 Sør-Varanger;2030;Sør-Varanger;10;:;:;:;6;:;:;:;:;:;:;60;:;:;:;10;:;:;70;38,88888889;:;8;:;:;:;:;:;:;:;5;:;:;:;:;:;:;:;:;:;:;:;:;:;62,5;:;:;:;:;:;:;:;:;:;6;:;:;:;75;:;:
99 Uoppgitt kommune;9999;Uoppgitt kommune;;;;;;;;;;;;;;;;;;;.;.;;;;;;;;;;;;;;;;;.;.;.;.;.;.;.;.;.;.;.;.;.;.;;;;;;;.;.;.;.
