kommune;kommune_nr;kommune_navn;innvkat_5.alle;innvkat_5.innvandrere;innvkat_5.befolkningen_ellers;innvkat_5.norskfodte_m_innvf;innvkat_5.bef_u_innv_og_norskf;innvkat_5.alle;innvkat_5.innvandrere;innvkat_5.befolkningen_ellers;innvkat_5.norskfodte_m_innvf;innvkat_5.bef_u_innv_og_norskf;innvkat_5.alle;innvkat_5.innvandrere;innvkat_5.befolkningen_ellers;innvkat_5.norskfodte_m_innvf;innvkat_5.bef_u_innv_og_norskf;innvkat_5.alle;innvkat_5.innvandrere;innvkat_5.befolkningen_ellers;innvkat_5.norskfodte_m_innvf;innvkat_5.bef_u_innv_og_norskf;innvkat_5.alle;innvkat_5.innvandrere;innvkat_5.befolkningen_ellers;innvkat_5.norskfodte_m_innvf;innvkat_5.bef_u_innv_og_norskf;innvkat_5.alle;innvkat_5.innvandrere;innvkat_5.befolkningen_ellers;innvkat_5.norskfodte_m_innvf;innvkat_5.bef_u_innv_og_norskf
Nedbrytninger;;;kjonn.alle;kjonn.alle;kjonn.alle;kjonn.alle;kjonn.alle;kjonn.alle;kjonn.alle;kjonn.alle;kjonn.alle;kjonn.alle;kjonn.1;kjonn.1;kjonn.1;kjonn.1;kjonn.1;kjonn.1;kjonn.1;kjonn.1;kjonn.1;kjonn.1;kjonn.0;kjonn.0;kjonn.0;kjonn.0;kjonn.0;kjonn.0;kjonn.0;kjonn.0;kjonn.0;kjonn.0
;;;enhet.personer;enhet.personer;enhet.personer;enhet.personer;enhet.personer;enhet.prosent;enhet.prosent;enhet.prosent;enhet.prosent;enhet.prosent;enhet.personer;enhet.personer;enhet.personer;enhet.personer;enhet.personer;enhet.prosent;enhet.prosent;enhet.prosent;enhet.prosent;enhet.prosent;enhet.personer;enhet.personer;enhet.personer;enhet.personer;enhet.personer;enhet.prosent;enhet.prosent;enhet.prosent;enhet.prosent;enhet.prosent
0101 Halden;101;Halden;983;295;688;6;682;100;30;70;0,6;69,4;502;149;353;       :;350;100;29,7;70,3;       :;69,7;481;146;335;       :;332;100;30,4;69,6;       :;69
0104 Moss;104;Moss;1141;410;731;20;711;100;35,9;64,1;1,8;62,3;618;213;405;13;392;100;34,5;65,5;2,1;63,4;523;197;326;7;319;100;37,7;62,3;1,3;61
0105 Sarpsborg;105;Sarpsborg;1585;650;935;22;913;100;41;59;1,4;57,6;923;373;550;15;535;100;40,4;59,6;1,6;58;662;277;385;7;378;100;41,8;58,2;1,1;57,1
0106 Fredrikstad;106;Fredrikstad;2346;966;1380;14;1366;100;41,2;58,8;0,6;58,2;1302;556;746;9;737;100;42,7;57,3;0,7;56,6;1044;410;634;5;629;100;39,3;60,7;0,5;60,2
0111 Hvaler;111;Hvaler;112;22;90;       :;89;100;19,6;80,4;       :;79,5;65;9;56;:;56;100;13,8;86,2;       :;86,2;47;13;34;       :;33;100;27,7;72,3;       :;70,2
0118 Aremark;118;Aremark;33;       :;30;:;30;100;       :;90,9;       :;90,9;23;       :;21;:;21;100;       :;91,3;       :;91,3;10;       :;9;:;9;100;       :;90;       :;90
0119 Marker;119;Marker;100;24;76;:;76;100;24;76;       :;76;55;13;42;:;42;100;23,6;76,4;       :;76,4;45;11;34;:;34;100;24,4;75,6;       :;75,6
0121 Rømskog;121;Rømskog;9;       :;6;:;6;100;       :;66,7;       :;66,7;7;       :;5;:;5;100;       :;71,4;       :;71,4;       :;       :;       :;:;       :;100;       :;       :;       :;       :
0122 Trøgstad;122;Trøgstad;115;25;90;:;90;100;21,7;78,3;       :;78,3;60;19;41;:;41;100;31,7;68,3;       :;68,3;55;6;49;:;49;100;10,9;89,1;       :;89,1
0123 Spydeberg;123;Spydeberg;152;51;101;:;101;100;33,6;66,4;       :;66,4;80;27;53;:;53;100;33,8;66,3;       :;66,3;72;24;48;:;48;100;33,3;66,7;       :;66,7
0124 Askim;124;Askim;459;152;307;12;295;100;33,1;66,9;2,6;64,3;228;83;145;6;139;100;36,4;63,6;2,6;61;231;69;162;6;156;100;29,9;70,1;2,6;67,5
0125 Eidsberg;125;Eidsberg;409;119;290;       :;288;100;29,1;70,9;       :;70,4;215;61;154;       :;152;100;28,4;71,6;       :;70,7;194;58;136;:;136;100;29,9;70,1;       :;70,1
0127 Skiptvet;127;Skiptvet;68;14;54;:;54;100;20,6;79,4;       :;79,4;29;10;19;:;19;100;34,5;65,5;       :;65,5;39;4;35;:;35;100;10,3;89,7;       :;89,7
0128 Rakkestad;128;Rakkestad;218;76;142;       :;140;100;34,9;65,1;       :;64,2;106;32;74;       :;73;100;30,2;69,8;       :;68,9;112;44;68;       :;67;100;39,3;60,7;       :;59,8
0135 Råde;135;Råde;153;44;109;       :;107;100;28,8;71,2;       :;69,9;81;22;59;       :;57;100;27,2;72,8;       :;70,4;72;22;50;:;50;100;30,6;69,4;       :;69,4
0136 Rygge;136;Rygge;433;78;355;10;345;100;18;82;2,3;79,7;228;43;185;4;181;100;18,9;81,1;1,8;79,4;205;35;170;6;164;100;17,1;82,9;2,9;80
0137 Våler (Østfold);137;Våler (Østf.);86;11;75;:;75;100;12,8;87,2;       :;87,2;46;7;39;:;39;100;15,2;84,8;       :;84,8;40;4;36;:;36;100;10;90;       :;90
0138 Hobøl;138;Hobøl;102;18;84;:;84;100;17,6;82,4;       :;82,4;55;10;45;:;45;100;18,2;81,8;       :;81,8;47;8;39;:;39;100;17;83;       :;83
0211 Vestby;211;Vestby;293;115;178;       :;176;100;39,2;60,8;0,7;60,1;159;67;92;       :;91;100;42,1;57,9;       :;57,2;134;48;86;       :;85;100;35,8;64,2;       :;63,4
0213 Ski;213;Ski;682;314;368;14;354;100;46;54;2,1;51,9;382;171;211;6;205;100;44,8;55,2;1,6;53,7;300;143;157;8;149;100;47,7;52,3;2,7;49,7
0214 Ås;214;Ås;268;103;165;       :;164;100;38,4;61,6;       :;61,2;145;58;87;:;87;100;40;60;       :;60;123;45;78;       :;77;100;36,6;63,4;       :;62,6
0215 Frogn;215;Frogn;235;59;176;       :;175;100;25,1;74,9;       :;74,5;126;34;92;:;92;100;27;73;       :;73;109;25;84;       :;83;100;22,9;77,1;       :;76,1
0216 Nesodden;216;Nesodden;312;107;205;5;200;100;34,3;65,7;1,6;64,1;168;48;120;4;116;100;28,6;71,4;2,4;69;144;59;85;       :;84;100;41;59;       :;58,3
0217 Oppegård;217;Oppegård;352;167;185;6;179;100;47,4;52,6;1,7;50,9;199;93;106;       :;103;100;46,7;53,3;       :;51,8;153;74;79;       :;76;100;48,4;51,6;       :;49,7
0219 Bærum;219;Bærum;1838;981;857;36;821;100;53,4;46,6;2;44,7;1009;505;504;19;485;100;50;50;1,9;48,1;829;476;353;17;336;100;57,4;42,6;2,1;40,5
0220 Asker;220;Asker;923;484;439;22;417;100;52,4;47,6;2,4;45,2;498;251;247;15;232;100;50,4;49,6;3;46,6;425;233;192;7;185;100;54,8;45,2;1,6;43,5
0221 Aurskog Høland;221;Aurskog-Høland;374;80;294;       :;293;100;21,4;78,6;       :;78,3;209;48;161;:;161;100;23;77;       :;77;165;32;133;       :;132;100;19,4;80,6;       :;80
0226 Sørum;226;Sørum;252;78;174;       :;172;100;31;69;       :;68,3;132;51;81;       :;80;100;38,6;61,4;       :;60,6;120;27;93;       :;92;100;22,5;77,5;       :;76,7
0227 Fet;227;Fet;161;54;107;       :;105;100;33,5;66,5;       :;65,2;79;26;53;       :;51;100;32,9;67,1;       :;64,6;82;28;54;:;54;100;34,1;65,9;       :;65,9
0228 Rælingen;228;Rælingen;320;169;151;       :;148;100;52,8;47,2;       :;46,3;166;84;82;       :;80;100;50,6;49,4;       :;48,2;154;85;69;       :;68;100;55,2;44,8;       :;44,2
0229 Enebakk;229;Enebakk;200;41;159;       :;158;100;20,5;79,5;       :;79;110;25;85;:;85;100;22,7;77,3;       :;77,3;90;16;74;       :;73;100;17,8;82,2;       :;81,1
0230 Lørenskog;230;Lørenskog;635;292;343;24;319;100;46;54;3,8;50,2;340;151;189;14;175;100;44,4;55,6;4,1;51,5;295;141;154;10;144;100;47,8;52,2;3,4;48,8
0231 Skedsmo;231;Skedsmo;1100;625;475;20;455;100;56,8;43,2;1,8;41,4;589;326;263;13;250;100;55,3;44,7;2,2;42,4;511;299;212;7;205;100;58,5;41,5;1,4;40,1
0233 Nittedal;233;Nittedal;337;98;239;7;232;100;29,1;70,9;2,1;68,8;179;52;127;5;122;100;29,1;70,9;2,8;68,2;158;46;112;       :;110;100;29,1;70,9;       :;69,6
0234 Gjerdrum;234;Gjerdrum;72;27;45;:;45;100;37,5;62,5;       :;62,5;36;12;24;:;24;100;33,3;66,7;       :;66,7;36;15;21;:;21;100;41,7;58,3;       :;58,3
0235 Ullensaker;235;Ullensaker;622;229;393;9;384;100;36,8;63,2;1,4;61,7;334;129;205;5;200;100;38,6;61,4;1,5;59,9;288;100;188;4;184;100;34,7;65,3;1,4;63,9
0236 Nes (Akershus);236;Nes (Ak.);321;71;250;       :;248;100;22,1;77,9;       :;77,3;193;43;150;       :;149;100;22,3;77,7;       :;77,2;128;28;100;       :;99;100;21,9;78,1;       :;77,3
0237 Eidsvoll;237;Eidsvoll;515;105;410;5;405;100;20,4;79,6;1;78,6;267;42;225;       :;222;100;15,7;84,3;       :;83,1;248;63;185;       :;183;100;25,4;74,6;       :;73,8
0238 Nannestad;238;Nannestad;195;50;145;       :;144;100;25,6;74,4;       :;73,8;103;24;79;:;79;100;23,3;76,7;       :;76,7;92;26;66;       :;65;100;28,3;71,7;       :;70,7
0239 Hurdal;239;Hurdal;44;       :;41;:;41;100;       :;93,2;       :;93,2;27;       :;25;:;25;100;       :;92,6;       :;92,6;17;       :;16;:;16;100;       :;94,1;       :;94,1
0301 Oslo;301;Oslo kommune;16912;9883;7029;544;6485;100;58,4;41,6;3,2;38,3;9411;5296;4115;330;3785;100;56,3;43,7;3,5;40,2;7501;4587;2914;214;2700;100;61,2;38,8;2,9;36
0402 Kongsvinger;402;Kongsvinger;583;166;417;       :;414;100;28,5;71,5;       :;71;321;102;219;       :;218;100;31,8;68,2;       :;67,9;262;64;198;       :;196;100;24,4;75,6;       :;74,8
0403 Hamar;403;Hamar;923;337;586;8;578;100;36,5;63,5;0,9;62,6;495;185;310;       :;307;100;37,4;62,6;       :;62;428;152;276;5;271;100;35,5;64,5;1,2;63,3
0412 Ringsaker;412;Ringsaker;917;163;754;       :;752;100;17,8;82,2;       :;82;443;72;371;       :;370;100;16,3;83,7;       :;83,5;474;91;383;       :;382;100;19,2;80,8;       :;80,6
0415 Løten;415;Løten;218;41;177;       :;176;100;18,8;81,2;       :;80,7;113;19;94;       :;93;100;16,8;83,2;       :;82,3;105;22;83;:;83;100;21;79;       :;79
0417 Stange;417;Stange;478;123;355;       :;354;100;25,7;74,3;       :;74,1;256;62;194;       :;193;100;24,2;75,8;       :;75,4;222;61;161;:;161;100;27,5;72,5;       :;72,5
0418 Nord-Odal;418;Nord-Odal;145;12;133;:;133;100;8,3;91,7;       :;91,7;74;8;66;:;66;100;10,8;89,2;       :;89,2;71;4;67;:;67;100;5,6;94,4;       :;94,4
0419 Sør-Odal;419;Sør-Odal;213;38;175;:;175;100;17,8;82,2;       :;82,2;112;14;98;:;98;100;12,5;87,5;       :;87,5;101;24;77;:;77;100;23,8;76,2;       :;76,2
0420 Eidskog;420;Eidskog;252;23;229;:;229;100;9,1;90,9;       :;90,9;120;12;108;:;108;100;10;90;       :;90;132;11;121;:;121;100;8,3;91,7;       :;91,7
0423 Grue;423;Grue;188;34;154;       :;153;100;18,1;81,9;       :;81,4;98;19;79;:;79;100;19,4;80,6;       :;80,6;90;15;75;       :;74;100;16,7;83,3;       :;82,2
0425 Åsnes;425;Åsnes;293;24;269;:;269;100;8,2;91,8;       :;91,8;158;10;148;:;148;100;6,3;93,7;       :;93,7;135;14;121;:;121;100;10,4;89,6;       :;89,6
0426 Våler (Hedm.);426;Våler (Hedm.);131;10;121;:;121;100;7,6;92,4;       :;92,4;76;5;71;:;71;100;6,6;93,4;       :;93,4;55;5;50;:;50;100;9,1;90,9;       :;90,9
0427 Elverum;427;Elverum;511;195;316;       :;315;100;38,2;61,8;       :;61,6;270;112;158;       :;157;100;41,5;58,5;       :;58,1;241;83;158;:;158;100;34,4;65,6;       :;65,6
0428 Trysil;428;Trysil;199;63;136;:;136;100;31,7;68,3;       :;68,3;129;39;90;:;90;100;30,2;69,8;       :;69,8;70;24;46;:;46;100;34,3;65,7;       :;65,7
0429 Åmot;429;Åmot;143;20;123;:;123;100;14;86;       :;86;73;11;62;:;62;100;15,1;84,9;       :;84,9;70;9;61;:;61;100;12,9;87,1;       :;87,1
0430 Stor-Elvdal;430;Stor-Elvdal;65;5;60;:;60;100;7,7;92,3;       :;92,3;40;       :;39;:;39;100;       :;97,5;       :;97,5;25;4;21;:;21;100;16;84;       :;84
0432 Rendalen;432;Rendalen;31;5;26;:;26;100;16,1;83,9;       :;83,9;19;       :;16;:;16;100;       :;84,2;       :;84,2;12;       :;10;:;10;100;       :;83,3;       :;83,3
0434 Engerdal;434;Engerdal;21;6;15;:;15;100;28,6;71,4;       :;71,4;12;       :;9;:;9;100;       :;75;       :;75;9;       :;6;:;6;100;       :;66,7;       :;66,7
0436 Tolga;436;Tolga;60;29;31;:;31;100;48,3;51,7;       :;51,7;34;15;19;:;19;100;44,1;55,9;       :;55,9;26;14;12;:;12;100;53,8;46,2;       :;46,2
0437 Tynset;437;Tynset;102;38;64;:;64;100;37,3;62,7;       :;62,7;60;24;36;:;36;100;40;60;       :;60;42;14;28;:;28;100;33,3;66,7;       :;66,7
0438 Alvdal;438;Alvdal;54;18;36;:;36;100;33,3;66,7;       :;66,7;24;6;18;:;18;100;25;75;       :;75;30;12;18;:;18;100;40;60;       :;60
0439 Folldal;439;Folldal;29;5;24;:;24;100;17,2;82,8;       :;82,8;16;       :;15;:;15;100;       :;93,8;       :;93,8;13;4;9;:;9;100;30,8;69,2;       :;69,2
0441 Os (Hedm.);441;Os (Hedm.);44;9;35;       :;34;100;20,5;79,5;       :;77,3;29;8;21;       :;20;100;27,6;72,4;       :;69;15;       :;14;:;14;100;       :;93,3;       :;93,3
0501 Lillehammer;501;Lillehammer;562;190;372;       :;370;100;33,8;66,2;       :;65,8;315;105;210;:;210;100;33,3;66,7;       :;66,7;247;85;162;       :;160;100;34,4;65,6;       :;64,8
0502 Gjøvik;502;Gjøvik;941;350;591;8;583;100;37,2;62,8;0,9;62;499;194;305;6;299;100;38,9;61,1;1,2;59,9;442;156;286;       :;284;100;35,3;64,7;       :;64,3
0511 Dovre;511;Dovre;94;11;83;:;83;100;11,7;88,3;       :;88,3;44;       :;41;:;41;100;       :;93,2;       :;93,2;50;8;42;:;42;100;16;84;       :;84
0512 Lesja;512;Lesja;24;4;20;:;20;100;16,7;83,3;       :;83,3;10;:;10;:;10;100;       :;100;       :;100;14;4;10;:;10;100;28,6;71,4;       :;71,4
0513 Skjåk;513;Skjåk;41;4;37;:;37;100;9,8;90,2;       :;90,2;17;       :;15;:;15;100;       :;88,2;       :;88,2;24;       :;22;:;22;100;       :;91,7;       :;91,7
0514 Lom;514;Lom;34;7;27;:;27;100;20,6;79,4;       :;79,4;17;       :;15;:;15;100;       :;88,2;       :;88,2;17;5;12;:;12;100;29,4;70,6;       :;70,6
0515 Vågå;515;Vågå;81;29;52;:;52;100;35,8;64,2;       :;64,2;39;15;24;:;24;100;38,5;61,5;       :;61,5;42;14;28;:;28;100;33,3;66,7;       :;66,7
0516 Nord-Fron;516;Nord-Fron;123;32;91;:;91;100;26;74;       :;74;58;20;38;:;38;100;34,5;65,5;       :;65,5;65;12;53;:;53;100;18,5;81,5;       :;81,5
0517 Sel;517;Sel;213;21;192;:;192;100;9,9;90,1;       :;90,1;104;8;96;:;96;100;7,7;92,3;       :;92,3;109;13;96;:;96;100;11,9;88,1;       :;88,1
0519 Sør-Fron;519;Sør-Fron;75;7;68;:;68;100;9,3;90,7;       :;90,7;37;4;33;:;33;100;10,8;89,2;       :;89,2;38;       :;35;:;35;100;       :;92,1;       :;92,1
0520 Ringebu;520;Ringebu;62;18;44;       :;43;100;29;71;       :;69,4;34;10;24;       :;23;100;29,4;70,6;       :;67,6;28;8;20;:;20;100;28,6;71,4;       :;71,4
0521 Øyer;521;Øyer;131;42;89;:;89;100;32,1;67,9;       :;67,9;79;27;52;:;52;100;34,2;65,8;       :;65,8;52;15;37;:;37;100;28,8;71,2;       :;71,2
0522 Gausdal;522;Gausdal;103;16;87;:;87;100;15,5;84,5;       :;84,5;54;9;45;:;45;100;16,7;83,3;       :;83,3;49;7;42;:;42;100;14,3;85,7;       :;85,7
0528 Østre Toten;528;Østre Toten;273;62;211;:;211;100;22,7;77,3;       :;77,3;133;30;103;:;103;100;22,6;77,4;       :;77,4;140;32;108;:;108;100;22,9;77,1;       :;77,1
0529 Vestre Toten;529;Vestre Toten;297;74;223;:;223;100;24,9;75,1;       :;75,1;159;36;123;:;123;100;22,6;77,4;       :;77,4;138;38;100;:;100;100;27,5;72,5;       :;72,5
0532 Jevnaker;532;Jevnaker;123;37;86;       :;85;100;30,1;69,9;       :;69,1;63;18;45;:;45;100;28,6;71,4;       :;71,4;60;19;41;       :;40;100;31,7;68,3;       :;66,7
0533 Lunner;533;Lunner;209;83;126;:;126;100;39,7;60,3;       :;60,3;116;47;69;:;69;100;40,5;59,5;       :;59,5;93;36;57;:;57;100;38,7;61,3;       :;61,3
0534 Gran;534;Gran;375;122;253;       :;252;100;32,5;67,5;       :;67,2;197;64;133;       :;132;100;32,5;67,5;       :;67;178;58;120;:;120;100;32,6;67,4;       :;67,4
0536 Søndre Land;536;Søndre Land;105;20;85;:;85;100;19;81;       :;81;57;11;46;:;46;100;19,3;80,7;       :;80,7;48;9;39;:;39;100;18,8;81,3;       :;81,3
0538 Nordre Land;538;Nordre Land;122;33;89;:;89;100;27;73;       :;73;56;16;40;:;40;100;28,6;71,4;       :;71,4;66;17;49;:;49;100;25,8;74,2;       :;74,2
0540 Sør-Aurdal;540;Sør-Aurdal;87;24;63;:;63;100;27,6;72,4;       :;72,4;46;14;32;:;32;100;30,4;69,6;       :;69,6;41;10;31;:;31;100;24,4;75,6;       :;75,6
0541 Etnedal;541;Etnedal;45;7;38;:;38;100;15,6;84,4;       :;84,4;26;4;22;:;22;100;15,4;84,6;       :;84,6;19;       :;16;:;16;100;       :;84,2;       :;84,2
0542 Nord-Aurdal;542;Nord-Aurdal;210;50;160;:;160;100;23,8;76,2;       :;76,2;109;24;85;:;85;100;22;78;       :;78;101;26;75;:;75;100;25,7;74,3;       :;74,3
0543 Vestre Slidre;543;Vestre Slidre;63;17;46;:;46;100;27;73;       :;73;36;15;21;:;21;100;41,7;58,3;       :;58,3;27;       :;25;:;25;100;       :;92,6;       :;92,6
0544 Øystre Slidre;544;Øystre Slidre;75;22;53;       :;51;100;29,3;70,7;       :;68;40;11;29;       :;27;100;27,5;72,5;       :;67,5;35;11;24;:;24;100;31,4;68,6;       :;68,6
0545 Vang;545;Vang;35;13;22;:;22;100;37,1;62,9;       :;62,9;19;7;12;:;12;100;36,8;63,2;       :;63,2;16;6;10;:;10;100;37,5;62,5;       :;62,5
0602 Drammen;602;Drammen;1952;1001;951;54;897;100;51,3;48,7;2,8;46;1013;490;523;26;497;100;48,4;51,6;2,6;49,1;939;511;428;28;400;100;54,4;45,6;3;42,6
0604 Kongsberg;604;Kongsberg;537;192;345;       :;342;100;35,8;64,2;       :;63,7;274;108;166;       :;165;100;39,4;60,6;       :;60,2;263;84;179;       :;177;100;31,9;68,1;       :;67,3
0605 Ringerike;605;Ringerike;917;264;653;8;645;100;28,8;71,2;0,9;70,3;505;137;368;6;362;100;27,1;72,9;1,2;71,7;412;127;285;       :;283;100;30,8;69,2;       :;68,7
0612 Hole;612;Hole;129;35;94;:;94;100;27,1;72,9;       :;72,9;65;21;44;:;44;100;32,3;67,7;       :;67,7;64;14;50;:;50;100;21,9;78,1;       :;78,1
0615 Flå;615;Flå;31;4;27;:;27;100;12,9;87,1;       :;87,1;15;:;15;:;15;100;       :;100;       :;100;16;4;12;:;12;100;25;75;       :;75
0616 Nes (Busk.);616;Nes (Busk.);81;24;57;:;57;100;29,6;70,4;       :;70,4;43;16;27;:;27;100;37,2;62,8;       :;62,8;38;8;30;:;30;100;21,1;78,9;       :;78,9
0617 Gol;617;Gol;15;5;10;:;10;100;33,3;66,7;       :;66,7;8;       :;5;:;5;100;       :;62,5;       :;62,5;7;       :;5;:;5;100;       :;71,4;       :;71,4
0618 Hemsedal;618;Hemsedal;56;28;28;:;28;100;50;50;       :;50;37;15;22;:;22;100;40,5;59,5;       :;59,5;19;13;6;:;6;100;68,4;31,6;       :;31,6
0619 Ål;619;Ål;127;33;94;:;94;100;26;74;       :;74;84;26;58;:;58;100;31;69;       :;69;43;7;36;:;36;100;16,3;83,7;       :;83,7
0620 Hol;620;Hol;37;10;27;:;27;100;27;73;       :;73;16;5;11;:;11;100;31,3;68,8;       :;68,8;21;5;16;:;16;100;23,8;76,2;       :;76,2
0621 Sigdal;621;Sigdal;61;13;48;:;48;100;21,3;78,7;       :;78,7;32;5;27;:;27;100;15,6;84,4;       :;84,4;29;8;21;:;21;100;27,6;72,4;       :;72,4
0622 Krødsherad;622;Krødsherad;74;6;68;:;68;100;8,1;91,9;       :;91,9;35;4;31;:;31;100;11,4;88,6;       :;88,6;39;       :;37;:;37;100;       :;94,9;       :;94,9
0623 Modum;623;Modum;456;86;370;       :;367;100;18,9;81,1;       :;80,5;243;41;202;       :;201;100;16,9;83,1;       :;82,7;213;45;168;       :;166;100;21,1;78,9;       :;77,9
0624 Øvre Eiker;624;Øvre Eiker;446;106;340;       :;339;100;23,8;76,2;       :;76;239;59;180;:;180;100;24,7;75,3;       :;75,3;207;47;160;       :;159;100;22,7;77,3;       :;76,8
0625 Nedre Eiker;625;Nedre Eiker;556;160;396;11;385;100;28,8;71,2;2;69,2;273;74;199;7;192;100;27,1;72,9;2,6;70,3;283;86;197;4;193;100;30,4;69,6;1,4;68,2
0626 Lier;626;Lier;502;231;271;7;264;100;46;54;1,4;52,6;292;131;161;4;157;100;44,9;55,1;1,4;53,8;210;100;110;       :;107;100;47,6;52,4;       :;51
0627 Røyken;627;Røyken;247;82;165;       :;162;100;33,2;66,8;       :;65,6;127;43;84;:;84;100;33,9;66,1;       :;66,1;120;39;81;       :;78;100;32,5;67,5;       :;65
0628 Hurum;628;Hurum;268;62;206;5;201;100;23,1;76,9;1,9;75;143;36;107;       :;104;100;25,2;74,8;       :;72,7;125;26;99;       :;97;100;20,8;79,2;       :;77,6
0631 Flesberg;631;Flesberg;60;31;29;:;29;100;51,7;48,3;       :;48,3;39;19;20;:;20;100;48,7;51,3;       :;51,3;21;12;9;:;9;100;57,1;42,9;       :;42,9
0632 Rollag;632;Rollag;34;17;17;:;17;100;50;50;       :;50;16;6;10;:;10;100;37,5;62,5;       :;62,5;18;11;7;:;7;100;61,1;38,9;       :;38,9
0633 Nore og Uvdal;633;Nore og Uvdal;62;26;36;:;36;100;41,9;58,1;       :;58,1;37;16;21;:;21;100;43,2;56,8;       :;56,8;25;10;15;:;15;100;40;60;       :;60
0701 Horten;701;Horten;806;263;543;6;537;100;32,6;67,4;0,7;66,6;460;151;309;4;305;100;32,8;67,2;0,9;66,3;346;112;234;       :;232;100;32,4;67,6;       :;67,1
0702 Holmestrand;702;Holmestrand;241;51;190;:;190;100;21,2;78,8;       :;78,8;132;26;106;:;106;100;19,7;80,3;       :;80,3;109;25;84;:;84;100;22,9;77,1;       :;77,1
0704 Tønsberg;704;Tønsberg;1084;316;768;5;763;100;29,2;70,8;0,5;70,4;592;180;412;       :;411;100;30,4;69,6;       :;69,4;492;136;356;4;352;100;27,6;72,4;0,8;71,5
0706 Sandefjord;706;Sandefjord;1232;348;884;15;869;100;28,2;71,8;1,2;70,5;691;205;486;7;479;100;29,7;70,3;1;69,3;541;143;398;8;390;100;26,4;73,6;1,5;72,1
0709 Larvik;709;Larvik;931;323;608;11;597;100;34,7;65,3;1,2;64,1;551;177;374;5;369;100;32,1;67,9;0,9;67;380;146;234;6;228;100;38,4;61,6;1,6;60
0711 Svelvik;711;Svelvik;172;31;141;       :;140;100;18;82;       :;81,4;99;20;79;       :;78;100;20,2;79,8;       :;78,8;73;11;62;:;62;100;15,1;84,9;       :;84,9
0713 Sande (Vestf.);713;Sande (Vestf.);190;60;130;:;130;100;31,6;68,4;       :;68,4;100;33;67;:;67;100;33;67;       :;67;90;27;63;:;63;100;30;70;       :;70
0714 Hof;714;Hof;42;6;36;:;36;100;14,3;85,7;       :;85,7;25;4;21;:;21;100;16;84;       :;84;17;       :;15;:;15;100;       :;88,2;       :;88,2
0716 Re;716;Re (f.o.m. 2002);200;46;154;       :;153;100;23;77;       :;76,5;93;20;73;:;73;100;21,5;78,5;       :;78,5;107;26;81;       :;80;100;24,3;75,7;       :;74,8
0719 Andebu;719;Andebu;94;16;78;       :;77;100;17;83;       :;81,9;47;8;39;:;39;100;17;83;       :;83;47;8;39;       :;38;100;17;83;       :;80,9
0720 Stokke;720;Stokke;246;74;172;       :;171;100;30,1;69,9;       :;69,5;148;42;106;:;106;100;28,4;71,6;       :;71,6;98;32;66;       :;65;100;32,7;67,3;       :;66,3
0722 Nøtterøy;722;Nøtterøy;493;135;358;5;353;100;27,4;72,6;1;71,6;254;65;189;       :;187;100;25,6;74,4;       :;73,6;239;70;169;       :;166;100;29,3;70,7;       :;69,5
0723 Tjøme;723;Tjøme;124;30;94;       :;93;100;24,2;75,8;       :;75;70;13;57;       :;56;100;18,6;81,4;       :;80;54;17;37;:;37;100;31,5;68,5;       :;68,5
0728 Lardal;728;Lardal;72;14;58;:;58;100;19,4;80,6;       :;80,6;34;5;29;:;29;100;14,7;85,3;       :;85,3;38;9;29;:;29;100;23,7;76,3;       :;76,3
0805 Porsgrunn;805;Porsgrunn;956;276;680;10;670;100;28,9;71,1;1;70,1;602;185;417;6;411;100;30,7;69,3;1;68,3;354;91;263;4;259;100;25,7;74,3;1,1;73,2
0806 Skien;806;Skien;1602;630;972;17;955;100;39,3;60,7;1,1;59,6;947;392;555;14;541;100;41,4;58,6;1,5;57,1;655;238;417;       :;414;100;36,3;63,7;       :;63,2
0807 Notodden;807;Notodden;417;133;284;:;284;100;31,9;68,1;       :;68,1;240;74;166;:;166;100;30,8;69,2;       :;69,2;177;59;118;:;118;100;33,3;66,7;       :;66,7
0811 Siljan;811;Siljan;40;22;18;       :;17;100;55;45;       :;42,5;16;5;11;:;11;100;31,3;68,8;       :;68,8;24;17;7;       :;6;100;70,8;29,2;       :;25
0814 Bamble;814;Bamble;392;130;262;:;262;100;33,2;66,8;       :;66,8;239;83;156;:;156;100;34,7;65,3;       :;65,3;153;47;106;:;106;100;30,7;69,3;       :;69,3
0815 Kragerø;815;Kragerø;462;143;319;:;319;100;31;69;       :;69;254;78;176;:;176;100;30,7;69,3;       :;69,3;208;65;143;:;143;100;31,3;68,8;       :;68,8
0817 Drangedal;817;Drangedal;126;30;96;:;96;100;23,8;76,2;       :;76,2;73;18;55;:;55;100;24,7;75,3;       :;75,3;53;12;41;:;41;100;22,6;77,4;       :;77,4
0819 Nome;819;Nome;257;73;184;       :;182;100;28,4;71,6;       :;70,8;143;36;107;       :;106;100;25,2;74,8;       :;74,1;114;37;77;       :;76;100;32,5;67,5;       :;66,7
0821 Bø (Telemark);821;Bø (Telem.);183;62;121;       :;120;100;33,9;66,1;       :;65,6;107;44;63;       :;62;100;41,1;58,9;       :;57,9;76;18;58;:;58;100;23,7;76,3;       :;76,3
0822 Sauherad;822;Sauherad;134;69;65;:;65;100;51,5;48,5;       :;48,5;69;40;29;:;29;100;58;42;       :;42;65;29;36;:;36;100;44,6;55,4;       :;55,4
0826 Tinn;826;Tinn;151;47;104;       :;102;100;31,1;68,9;       :;67,5;85;23;62;       :;61;100;27,1;72,9;       :;71,8;66;24;42;       :;41;100;36,4;63,6;       :;62,1
0827 Hjartdal;827;Hjartdal;31;       :;28;:;28;100;       :;90,3;       :;90,3;19;       :;17;:;17;100;       :;89,5;       :;89,5;12;       :;11;:;11;100;       :;91,7;       :;91,7
0828 Seljord;828;Seljord;71;17;54;:;54;100;23,9;76,1;       :;76,1;37;10;27;:;27;100;27;73;       :;73;34;7;27;:;27;100;20,6;79,4;       :;79,4
0829 Kviteseid;829;Kviteseid;72;7;65;:;65;100;9,7;90,3;       :;90,3;43;6;37;:;37;100;14;86;       :;86;29;       :;28;:;28;100;       :;96,6;       :;96,6
0830 Nissedal;830;Nissedal;32;       :;31;:;31;100;       :;96,9;       :;96,9;17;       :;16;:;16;100;5,9;       :;       :;94,1;15;:;15;:;15;100;       :;100;       :;100
0831 Fyresdal;831;Fyresdal;25;4;21;:;21;100;16;84;       :;84;11;       :;9;:;9;100;18,2;       :;       :;81,8;14;       :;12;:;12;100;       :;85,7;       :;85,7
0833 Tokke;833;Tokke;38;10;28;:;28;100;26,3;73,7;       :;73,7;22;6;16;:;16;100;27,3;72,7;       :;72,7;16;4;12;:;12;100;25;75;       :;75
0834 Vinje;834;Vinje;55;17;38;:;38;100;30,9;69,1;       :;69,1;29;9;20;:;20;100;31;69;       :;69;26;8;18;:;18;100;30,8;69,2;       :;69,2
0901 Risør;901;Risør;217;84;133;       :;132;100;38,7;61,3;       :;60,8;126;42;84;:;84;100;33,3;66,7;       :;66,7;91;42;49;       :;48;100;46,2;53,8;       :;52,7
0904 Grimstad;904;Grimstad;488;173;315;6;309;100;35,5;64,5;1,2;63,3;278;100;178;       :;175;100;36;64;       :;62,9;210;73;137;       :;134;100;34,8;65,2;       :;63,8
0906 Arendal;906;Arendal;1343;362;981;14;967;100;27;73;1;72;774;209;565;9;556;100;27;73;1,2;71,8;569;153;416;5;411;100;26,9;73,1;0,9;72,2
0911 Gjerstad;911;Gjerstad;135;48;87;:;87;100;35,6;64,4;       :;64,4;70;28;42;:;42;100;40;60;       :;60;65;20;45;:;45;100;30,8;69,2;       :;69,2
0912 Vegårshei;912;Vegårshei;45;5;40;:;40;100;11,1;88,9;       :;88,9;27;       :;24;:;24;100;       :;88,9;       :;88,9;18;       :;16;:;16;100;       :;88,9;       :;88,9
0914 Tvedestrand;914;Tvedestrand;259;71;188;:;188;100;27,4;72,6;       :;72,6;121;31;90;:;90;100;25,6;74,4;       :;74,4;138;40;98;:;98;100;29;71;       :;71
0919 Froland;919;Froland;197;25;172;:;172;100;12,7;87,3;       :;87,3;94;11;83;:;83;100;11,7;88,3;       :;88,3;103;14;89;:;89;100;13,6;86,4;       :;86,4
0926 Lillesand;926;Lillesand;194;55;139;       :;137;100;28,4;71,6;       :;70,6;113;32;81;:;81;100;28,3;71,7;       :;71,7;81;23;58;       :;56;100;28,4;71,6;       :;69,1
0928 Birkenes;928;Birkenes;53;5;48;:;48;100;9,4;90,6;       :;90,6;27;       :;26;:;26;100;3,7;       :;       :;96,3;26;4;22;:;22;100;15,4;84,6;       :;84,6
0929 Åmli;929;Åmli;38;       :;35;:;35;100;       :;92,1;       :;92,1;15;       :;14;:;14;100;6,7;       :;       :;93,3;23;       :;21;:;21;100;       :;91,3;       :;91,3
0935 Iveland;935;Iveland;38;14;24;:;24;100;36,8;63,2;       :;63,2;20;7;13;:;13;100;35;65;       :;65;18;7;11;:;11;100;38,9;61,1;       :;61,1
0937 Evje og Hornnes;937;Evje og Hornnes;121;46;75;:;75;100;38;62;       :;62;66;23;43;:;43;100;34,8;65,2;       :;65,2;55;23;32;:;32;100;41,8;58,2;       :;58,2
0938 Bygland;938;Bygland;21;       :;20;:;20;100;       :;95,2;       :;95,2;10;:;10;:;10;100;       :;100;       :;100;11;       :;10;:;10;100;       :;90,9;       :;90,9
0940 Valle;940;Valle;34;12;22;:;22;100;35,3;64,7;       :;64,7;19;7;12;:;12;100;36,8;63,2;       :;63,2;15;5;10;:;10;100;33,3;66,7;       :;66,7
0941 Bykle;941;Bykle;20;7;13;:;13;100;35;65;       :;65;13;       :;11;:;11;100;15,4;       :;       :;84,6;7;5;       :;:;       :;100;71,4;       :;       :;       :
1001 Kristiansand;1001;Kristiansand;2032;969;1063;35;1028;100;47,7;52,3;1,7;50,6;1202;586;616;22;594;100;48,8;51,2;1,8;49,4;830;383;447;13;434;100;46,1;53,9;1,6;52,3
1002 Mandal;1002;Mandal;331;118;213;:;213;100;35,6;64,4;       :;64,4;160;50;110;:;110;100;31,3;68,8;       :;68,8;171;68;103;:;103;100;39,8;60,2;       :;60,2
1003 Farsund;1003;Farsund;156;49;107;:;107;100;31,4;68,6;       :;68,6;78;17;61;:;61;100;21,8;78,2;       :;78,2;78;32;46;:;46;100;41;59;       :;59
1004 Flekkefjord;1004;Flekkefjord;127;48;79;       :;78;100;37,8;62,2;       :;61,4;72;26;46;       :;45;100;36,1;63,9;       :;62,5;55;22;33;:;33;100;40;60;       :;60
1014 Vennesla;1014;Vennesla;378;88;290;4;286;100;23,3;76,7;1,1;75,7;197;46;151;       :;148;100;23,4;76,6;       :;75,1;181;42;139;       :;138;100;23,2;76,8;       :;76,2
1017 Songdalen;1017;Songdalen;119;51;68;       :;66;100;42,9;57,1;       :;55,5;67;33;34;       :;33;100;49,3;50,7;       :;49,3;52;18;34;       :;33;100;34,6;65,4;       :;63,5
1018 Søgne;1018;Søgne;276;71;205;5;200;100;25,7;74,3;1,8;72,5;135;36;99;4;95;100;26,7;73,3;3;70,4;141;35;106;       :;105;100;24,8;75,2;       :;74,5
1021 Marnardal;1021;Marnardal;38;13;25;:;25;100;34,2;65,8;       :;65,8;16;5;11;:;11;100;31,3;68,8;       :;68,8;22;8;14;:;14;100;36,4;63,6;       :;63,6
1026 Åseral;1026;Åseral;14;       :;11;:;11;100;       :;78,6;       :;78,6;9;       :;8;:;8;100;11,1;       :;       :;88,9;5;       :;       :;:;       :;100;       :;       :;       :;       :
1027 Audnedal;1027;Audnedal;18;9;9;:;9;100;50;50;       :;50;9;5;4;:;4;100;55,6;44,4;       :;44,4;9;4;5;:;5;100;44,4;55,6;       :;55,6
1029 Lindesnes;1029;Lindesnes;105;20;85;:;85;100;19;81;       :;81;53;9;44;:;44;100;17;83;       :;83;52;11;41;:;41;100;21,2;78,8;       :;78,8
1032 Lyngdal;1032;Lyngdal;211;62;149;:;149;100;29,4;70,6;       :;70,6;113;38;75;:;75;100;33,6;66,4;       :;66,4;98;24;74;:;74;100;24,5;75,5;       :;75,5
1034 Hægebostad;1034;Hægebostad;30;6;24;:;24;100;20;80;       :;80;15;       :;13;:;13;100;13,3;       :;       :;86,7;15;4;11;:;11;100;26,7;73,3;       :;73,3
1037 Kvinesdal;1037;Kvinesdal;132;60;72;:;72;100;45,5;54,5;       :;54,5;74;31;43;:;43;100;41,9;58,1;       :;58,1;58;29;29;:;29;100;50;50;       :;50
1046 Sirdal;1046;Sirdal;20;       :;19;:;19;100;       :;95;       :;95;11;       :;10;:;10;100;9,1;       :;       :;90,9;9;:;9;:;9;100;       :;100;       :;100
1101 Eigersund;1101;Eigersund;288;107;181;:;181;100;37,2;62,8;       :;62,8;146;53;93;:;93;100;36,3;63,7;       :;63,7;142;54;88;:;88;100;38;62;       :;62
1102 Sandnes;1102;Sandnes;1217;491;726;9;717;100;40,3;59,7;0,7;58,9;683;280;403;5;398;100;41;59;0,7;58,3;534;211;323;4;319;100;39,5;60,5;0,7;59,7
1103 Stavanger;1103;Stavanger;3011;1213;1798;47;1751;100;40,3;59,7;1,6;58,2;1729;710;1019;27;992;100;41,1;58,9;1,6;57,4;1282;503;779;20;759;100;39,2;60,8;1,6;59,2
1106 Haugesund;1106;Haugesund;971;293;678;6;672;100;30,2;69,8;0,6;69,2;575;175;400;5;395;100;30,4;69,6;0,9;68,7;396;118;278;       :;277;100;29,8;70,2;       :;69,9
1111 Sokndal;1111;Sokndal;46;       :;44;:;44;100;       :;95,7;       :;95,7;18;       :;17;:;17;100;5,6;       :;       :;94,4;28;       :;27;:;27;100;       :;96,4;       :;96,4
1112 Lund;1112;Lund;78;25;53;:;53;100;32,1;67,9;       :;67,9;45;12;33;:;33;100;26,7;73,3;       :;73,3;33;13;20;:;20;100;39,4;60,6;       :;60,6
1114 Bjerkreim;1114;Bjerkreim;41;5;36;:;36;100;12,2;87,8;       :;87,8;18;       :;15;:;15;100;16,7;       :;       :;83,3;23;       :;21;:;21;100;       :;91,3;       :;91,3
1119 Hå;1119;Hå;241;95;146;:;146;100;39,4;60,6;       :;60,6;134;54;80;:;80;100;40,3;59,7;       :;59,7;107;41;66;:;66;100;38,3;61,7;       :;61,7
1120 Klepp;1120;Klepp;328;110;218;       :;217;100;33,5;66,5;       :;66,2;156;55;101;:;101;100;35,3;64,7;       :;64,7;172;55;117;       :;116;100;32;68;       :;67,4
1121 Time;1121;Time;338;130;208;       :;205;100;38,5;61,5;       :;60,7;171;67;104;       :;102;100;39,2;60,8;       :;59,6;167;63;104;       :;103;100;37,7;62,3;       :;61,7
1122 Gjesdal;1122;Gjesdal;214;67;147;:;147;100;31,3;68,7;       :;68,7;118;41;77;:;77;100;34,7;65,3;       :;65,3;96;26;70;:;70;100;27,1;72,9;       :;72,9
1124 Sola;1124;Sola;358;126;232;       :;230;100;35,2;64,8;       :;64,2;191;69;122;:;122;100;36,1;63,9;       :;63,9;167;57;110;       :;108;100;34,1;65,9;       :;64,7
1127 Randaberg;1127;Randaberg;250;103;147;       :;145;100;41,2;58,8;       :;58;125;57;68;       :;66;100;45,6;54,4;       :;52,8;125;46;79;:;79;100;36,8;63,2;       :;63,2
1129 Forsand;1129;Forsand;22;       :;21;:;21;100;       :;95,5;       :;95,5;11;       :;10;:;10;100;9,1;       :;       :;90,9;11;:;11;:;11;100;       :;100;       :;100
1130 Strand;1130;Strand;228;42;186;:;186;100;18,4;81,6;       :;81,6;113;23;90;:;90;100;20,4;79,6;       :;79,6;115;19;96;:;96;100;16,5;83,5;       :;83,5
1133 Hjelmeland;1133;Hjelmeland;51;31;20;:;20;100;60,8;39,2;       :;39,2;25;15;10;:;10;100;60;40;       :;40;26;16;10;:;10;100;61,5;38,5;       :;38,5
1134 Suldal;1134;Suldal;86;43;43;:;43;100;50;50;       :;50;45;19;26;:;26;100;42,2;57,8;       :;57,8;41;24;17;:;17;100;58,5;41,5;       :;41,5
1135 Sauda;1135;Sauda;108;9;99;:;99;100;8,3;91,7;       :;91,7;55;       :;52;:;52;100;5,5;       :;       :;94,5;53;6;47;:;47;100;11,3;88,7;       :;88,7
1141 Finnøy;1141;Finnøy;25;4;21;:;21;100;16;84;       :;84;12;4;8;:;8;100;33,3;66,7;       :;66,7;13;:;13;:;13;100;       :;100;       :;100
1142 Rennesøy;1142;Rennesøy;61;19;42;:;42;100;31,1;68,9;       :;68,9;31;7;24;:;24;100;22,6;77,4;       :;77,4;30;12;18;:;18;100;40;60;       :;60
1144 Kvitsøy;1144;Kvitsøy;       :;:;       :;:;       :;       :;       :;       :;       :;       :;       :;:;       :;:;       :;100;       :;       :;       :;       :;       :;       :;       :;       :;       :;       :;       :;       :;       :;       :
1145 Bokn;1145;Bokn;12;       :;11;       :;10;100;       :;91,7;       :;83,3;6;       :;5;       :;4;100;       :;83,3;       :;66,7;6;:;6;:;6;100;       :;100;       :;100
1146 Tysvær;1146;Tysvær;222;73;149;:;149;100;32,9;67,1;       :;67,1;114;36;78;:;78;100;31,6;68,4;       :;68,4;108;37;71;:;71;100;34,3;65,7;       :;65,7
1149 Karmøy;1149;Karmøy;602;161;441;       :;440;100;26,7;73,3;       :;73,1;361;90;271;:;271;100;24,9;75,1;       :;75,1;241;71;170;       :;169;100;29,5;70,5;       :;70,1
1151 Utsira;1151;Utsira;       :;       :;       :;       :;       :;       :;       :;       :;       :;       :;       :;       :;       :;       :;       :;       :;       :;       :;       :;       :;       :;       :;       :;       :;       :;       :;       :;       :;       :;       :
1160 Vindafjord;1160;Vindafjord;116;36;80;:;80;100;31;69;       :;69;60;14;46;:;46;100;23,3;76,7;       :;76,7;56;22;34;:;34;100;39,3;60,7;       :;60,7
1201 Bergen;1201;Bergen;6270;2157;4113;65;4048;100;34,4;65,6;1;64,6;3628;1172;2456;34;2422;100;32,3;67,7;0,9;66,8;2642;985;1657;31;1626;100;37,3;62,7;1,2;61,5
1211 Etne;1211;Etne;53;15;38;:;38;100;28,3;71,7;       :;71,7;37;9;28;:;28;100;24,3;75,7;       :;75,7;16;6;10;:;10;100;37,5;62,5;       :;62,5
1216 Sveio;1216;Sveio;91;25;66;:;66;100;27,5;72,5;       :;72,5;60;18;42;:;42;100;30;70;       :;70;31;7;24;:;24;100;22,6;77,4;       :;77,4
1219 Bømlo;1219;Bømlo;188;66;122;:;122;100;35,1;64,9;       :;64,9;107;41;66;:;66;100;38,3;61,7;       :;61,7;81;25;56;:;56;100;30,9;69,1;       :;69,1
1221 Stord;1221;Stord;421;92;329;4;325;100;21,9;78,1;1;77,2;252;57;195;       :;192;100;22,6;77,4;       :;76,2;169;35;134;       :;133;100;20,7;79,3;       :;78,7
1222 Fitjar;1222;Fitjar;48;7;41;:;41;100;14,6;85,4;       :;85,4;24;5;19;:;19;100;20,8;79,2;       :;79,2;24;       :;22;:;22;100;       :;91,7;       :;91,7
1223 Tysnes;1223;Tysnes;35;       :;34;:;34;100;       :;97,1;       :;97,1;20;:;20;:;20;100;       :;100;       :;100;15;       :;14;:;14;100;       :;93,3;       :;93,3
1224 Kvinnherad;1224;Kvinnherad;272;73;199;       :;198;100;26,8;73,2;       :;72,8;143;40;103;       :;102;100;28;72;       :;71,3;129;33;96;:;96;100;25,6;74,4;       :;74,4
1227 Jondal;1227;Jondal;14;       :;13;:;13;100;       :;92,9;       :;92,9;7;       :;6;:;6;100;       :;85,7;       :;85,7;7;:;7;:;7;100;       :;100;       :;100
1228 Odda;1228;Odda;225;41;184;:;184;100;18,2;81,8;       :;81,8;134;23;111;:;111;100;17,2;82,8;       :;82,8;91;18;73;:;73;100;19,8;80,2;       :;80,2
1231 Ullensvang;1231;Ullensvang;39;16;23;:;23;100;41;59;       :;59;25;11;14;:;14;100;44;56;       :;56;14;5;9;:;9;100;35,7;64,3;       :;64,3
1232 Eidfjord;1232;Eidfjord;15;8;7;:;7;100;53,3;46,7;       :;46,7;5;       :;       :;:;       :;100;       :;       :;       :;       :;10;6;4;:;4;100;60;40;       :;40
1233 Ulvik;1233;Ulvik;28;6;22;:;22;100;21,4;78,6;       :;78,6;14;       :;12;:;12;100;       :;85,7;       :;85,7;14;4;10;:;10;100;28,6;71,4;       :;71,4
1234 Granvin;1234;Granvin;21;       :;18;:;18;100;       :;85,7;       :;85,7;9;       :;8;:;8;100;       :;88,9;       :;88,9;12;       :;10;:;10;100;       :;83,3;       :;83,3
1235 Voss;1235;Voss;349;125;224;       :;223;100;35,8;64,2;       :;63,9;186;73;113;       :;112;100;39,2;60,8;       :;60,2;163;52;111;:;111;100;31,9;68,1;       :;68,1
1238 Kvam;1238;Kvam;204;91;113;:;113;100;44,6;55,4;       :;55,4;107;44;63;:;63;100;41,1;58,9;       :;58,9;97;47;50;:;50;100;48,5;51,5;       :;51,5
1241 Fusa;1241;Fusa;23;4;19;:;19;100;17,4;82,6;       :;82,6;11;       :;8;:;8;100;       :;72,7;       :;72,7;12;       :;11;:;11;100;       :;91,7;       :;91,7
1242 Samnanger;1242;Samnanger;42;12;30;:;30;100;28,6;71,4;       :;71,4;23;8;15;:;15;100;34,8;65,2;       :;65,2;19;4;15;:;15;100;21,1;78,9;       :;78,9
1243 Os (Hord.);1243;Os (Hord.);309;52;257;:;257;100;16,8;83,2;       :;83,2;153;18;135;:;135;100;11,8;88,2;       :;88,2;156;34;122;:;122;100;21,8;78,2;       :;78,2
1244 Austevoll;1244;Austevoll;40;7;33;:;33;100;17,5;82,5;       :;82,5;25;6;19;:;19;100;24;76;       :;76;15;       :;14;:;14;100;       :;93,3;       :;93,3
1245 Sund;1245;Sund;167;35;132;:;132;100;21;79;       :;79;103;24;79;:;79;100;23,3;76,7;       :;76,7;64;11;53;:;53;100;17,2;82,8;       :;82,8
1246 Fjell;1246;Fjell;425;93;332;       :;330;100;21,9;78,1;       :;77,6;239;52;187;       :;186;100;21,8;78,2;       :;77,8;186;41;145;       :;144;100;22;78;       :;77,4
1247 Askøy;1247;Askøy;358;97;261;       :;259;100;27,1;72,9;       :;72,3;207;53;154;       :;153;100;25,6;74,4;       :;73,9;151;44;107;       :;106;100;29,1;70,9;       :;70,2
1251 Vaksdal;1251;Vaksdal;97;29;68;:;68;100;29,9;70,1;       :;70,1;50;14;36;:;36;100;28;72;       :;72;47;15;32;:;32;100;31,9;68,1;       :;68,1
1252 Modalen;1252;Modalen;14;:;14;:;14;100;       :;100;       :;100;9;:;9;:;9;100;       :;100;       :;100;5;:;5;:;5;100;       :;100;       :;100
1253 Osterøy;1253;Osterøy;159;16;143;:;143;100;10,1;89,9;       :;89,9;79;5;74;:;74;100;6,3;93,7;       :;93,7;80;11;69;:;69;100;13,8;86,3;       :;86,3
1256 Meland;1256;Meland;174;33;141;       :;139;100;19;81;       :;79,9;98;16;82;       :;80;100;16,3;83,7;       :;81,6;76;17;59;:;59;100;22,4;77,6;       :;77,6
1259 Øygarden;1259;Øygarden;153;56;97;:;97;100;36,6;63,4;       :;63,4;89;32;57;:;57;100;36;64;       :;64;64;24;40;:;40;100;37,5;62,5;       :;62,5
1260 Radøy;1260;Radøy;151;28;123;:;123;100;18,5;81,5;       :;81,5;83;15;68;:;68;100;18,1;81,9;       :;81,9;68;13;55;:;55;100;19,1;80,9;       :;80,9
1263 Lindås;1263;Lindås;311;49;262;       :;261;100;15,8;84,2;       :;83,9;168;24;144;       :;143;100;14,3;85,7;       :;85,1;143;25;118;:;118;100;17,5;82,5;       :;82,5
1264 Austrheim;1264;Austrheim;48;8;40;:;40;100;16,7;83,3;       :;83,3;29;5;24;:;24;100;17,2;82,8;       :;82,8;19;       :;16;:;16;100;       :;84,2;       :;84,2
1265 Fedje;1265;Fedje;5;:;5;:;5;100;       :;100;       :;100;       :;:;       :;:;       :;100;       :;100;       :;       :;4;:;4;:;4;100;       :;100;       :;100
1266 Masfjorden;1266;Masfjorden;20;       :;19;:;19;100;       :;95;       :;95;12;:;12;:;12;100;       :;100;       :;100;8;       :;7;:;7;100;       :;87,5;       :;87,5
1401 Flora;1401;Flora;279;107;172;       :;171;100;38,4;61,6;       :;61,3;149;60;89;:;89;100;40,3;59,7;       :;59,7;130;47;83;       :;82;100;36,2;63,8;       :;63,1
1411 Gulen;1411;Gulen;27;4;23;:;23;100;14,8;85,2;       :;85,2;13;       :;12;:;12;100;7,7;       :;       :;92,3;14;       :;11;:;11;100;       :;78,6;       :;78,6
1412 Solund;1412;Solund;7;:;7;:;7;100;       :;100;       :;100;       :;:;       :;:;       :;100;       :;       :;       :;       :;4;:;4;:;4;100;       :;100;       :;100
1413 Hyllestad;1413;Hyllestad;6;:;6;:;6;100;       :;100;       :;100;5;:;5;:;       :;100;       :;100;       :;       :;       :;:;       :;:;       :;100;       :;       :;       :;       :
1416 Høyanger;1416;Høyanger;99;14;85;:;85;100;14,1;85,9;       :;85,9;64;7;57;:;57;100;10,9;89,1;       :;89,1;35;7;28;:;28;100;20;80;       :;80
1417 Vik;1417;Vik;30;13;17;:;17;100;43,3;56,7;       :;56,7;12;6;6;:;6;100;50;50;       :;50;18;7;11;:;11;100;38,9;61,1;       :;61,1
1418 Balestrand;1418;Balestrand;38;15;23;       :;22;100;39,5;60,5;       :;57,9;21;6;15;       :;14;100;28,6;71,4;       :;66,7;17;9;8;:;8;100;52,9;47,1;       :;47,1
1419 Leikanger;1419;Leikanger;44;22;22;:;22;100;50;50;       :;50;26;11;15;:;15;100;42,3;57,7;       :;57,7;18;11;7;:;7;100;61,1;38,9;       :;38,9
1420 Sogndal;1420;Sogndal;104;36;68;:;68;100;34,6;65,4;       :;65,4;58;22;36;:;36;100;37,9;62,1;       :;62,1;46;14;32;:;32;100;30,4;69,6;       :;69,6
1421 Aurland;1421;Aurland;48;9;39;:;39;100;18,8;81,3;       :;81,3;28;5;23;:;23;100;17,9;82,1;       :;82,1;20;4;16;:;16;100;20;80;       :;80
1422 Lærdal;1422;Lærdal;40;:;40;:;40;100;       :;100;       :;100;23;:;23;:;23;100;       :;100;       :;100;17;:;17;:;17;100;       :;100;       :;100
1424 Årdal;1424;Årdal;93;15;78;:;78;100;16,1;83,9;       :;83,9;49;9;40;:;40;100;18,4;81,6;       :;81,6;44;6;38;:;38;100;13,6;86,4;       :;86,4
1426 Luster;1426;Luster;82;28;54;:;54;100;34,1;65,9;       :;65,9;38;14;24;:;24;100;36,8;63,2;       :;63,2;44;14;30;:;30;100;31,8;68,2;       :;68,2
1428 Askvoll;1428;Askvoll;71;11;60;       :;59;100;15,5;84,5;       :;83,1;36;6;30;:;30;100;16,7;83,3;       :;83,3;35;5;30;       :;29;100;14,3;85,7;       :;82,9
1429 Fjaler;1429;Fjaler;37;       :;34;:;34;100;       :;91,9;       :;91,9;23;       :;22;:;22;100;       :;95,7;       :;95,7;14;       :;12;:;12;100;       :;85,7;       :;85,7
1430 Gaular;1430;Gaular;31;       :;28;:;28;100;       :;90,3;       :;90,3;14;       :;13;:;13;100;       :;92,9;       :;92,9;17;       :;15;:;15;100;       :;88,2;       :;88,2
1431 Jølster;1431;Jølster;77;30;47;:;47;100;39;61;       :;61;36;15;21;:;21;100;41,7;58,3;       :;58,3;41;15;26;:;26;100;36,6;63,4;       :;63,4
1432 Førde;1432;Førde;317;93;224;       :;223;100;29,3;70,7;       :;70,3;169;47;122;       :;121;100;27,8;72,2;       :;71,6;148;46;102;:;102;100;31,1;68,9;       :;68,9
1433 Naustdal;1433;Naustdal;51;       :;48;:;48;100;       :;94,1;       :;94,1;29;:;29;:;29;100;       :;100;       :;100;22;       :;19;:;19;100;       :;86,4;       :;86,4
1438 Bremanger;1438;Bremanger;61;21;40;:;40;100;34,4;65,6;       :;65,6;36;13;23;:;23;100;36,1;63,9;       :;63,9;25;8;17;:;17;100;32;68;       :;68
1439 Vågsøy;1439;Vågsøy;74;9;65;:;65;100;12,2;87,8;       :;87,8;42;5;37;:;37;100;11,9;88,1;       :;88,1;32;4;28;:;28;100;12,5;87,5;       :;87,5
1441 Selje;1441;Selje;27;       :;26;:;26;100;       :;96,3;       :;96,3;13;:;13;:;13;100;       :;100;       :;100;14;       :;13;:;13;100;       :;92,9;       :;92,9
1443 Eid;1443;Eid;107;32;75;:;75;100;29,9;70,1;       :;70,1;54;10;44;:;44;100;18,5;81,5;       :;81,5;53;22;31;:;31;100;41,5;58,5;       :;58,5
1444 Hornindal;1444;Hornindal;7;       :;4;:;4;100;       :;57,1;       :;57,1;5;       :;       :;:;       :;100;       :;       :;       :;       :;       :;       :;       :;:;       :;100;       :;       :;       :;       :
1445 Gloppen;1445;Gloppen;93;41;52;       :;51;100;44,1;55,9;       :;54,8;58;31;27;:;27;100;53,4;46,6;       :;46,6;35;10;25;       :;24;100;28,6;71,4;       :;68,6
1449 Stryn;1449;Stryn;95;37;58;:;58;100;38,9;61,1;       :;61,1;55;19;36;:;36;100;34,5;65,5;       :;65,5;40;18;22;:;22;100;45;55;       :;55
1502 Molde;1502;Molde;510;152;358;       :;356;100;29,8;70,2;       :;69,8;276;73;203;       :;202;100;26,4;73,6;       :;73,2;234;79;155;       :;154;100;33,8;66,2;       :;65,8
1504 Ålesund;1504;Ålesund;898;248;650;       :;648;100;27,6;72,4;       :;72,2;497;140;357;       :;356;100;28,2;71,8;       :;71,6;401;108;293;       :;292;100;26,9;73,1;       :;72,8
1505 Kristiansund;1505;Kristiansund;596;172;424;:;424;100;28,9;71,1;       :;71,1;319;86;233;:;233;100;27;73;       :;73;277;86;191;:;191;100;31;69;       :;69
1511 Vanylven;1511;Vanylven;33;4;29;:;29;100;12,1;87,9;       :;87,9;18;       :;15;:;15;100;       :;83,3;       :;83,3;15;       :;14;:;14;100;       :;93,3;       :;93,3
1514 Sande (M. og R.);1514;Sande (M. og R.);24;4;20;:;20;100;16,7;83,3;       :;83,3;15;       :;12;:;12;100;       :;80;       :;80;9;       :;8;:;8;100;       :;88,9;       :;88,9
1515 Herøy (M. og R.);1515;Herøy (M. og R.);158;41;117;:;117;100;25,9;74,1;       :;74,1;77;17;60;:;60;100;22,1;77,9;       :;77,9;81;24;57;:;57;100;29,6;70,4;       :;70,4
1516 Ulstein;1516;Ulstein;161;65;96;       :;93;100;40,4;59,6;       :;57,8;75;21;54;       :;51;100;28;72;       :;68;86;44;42;:;42;100;51,2;48,8;       :;48,8
1517 Hareid;1517;Hareid;77;25;52;:;52;100;32,5;67,5;       :;67,5;38;13;25;:;25;100;34,2;65,8;       :;65,8;39;12;27;:;27;100;30,8;69,2;       :;69,2
1519 Volda;1519;Volda;142;70;72;:;72;100;49,3;50,7;       :;50,7;90;50;40;:;40;100;55,6;44,4;       :;44,4;52;20;32;:;32;100;38,5;61,5;       :;61,5
1520 Ørsta;1520;Ørsta;161;63;98;:;98;100;39,1;60,9;       :;60,9;90;34;56;:;56;100;37,8;62,2;       :;62,2;71;29;42;:;42;100;40,8;59,2;       :;59,2
1523 Ørskog;1523;Ørskog;51;13;38;:;38;100;25,5;74,5;       :;74,5;26;9;17;:;17;100;34,6;65,4;       :;65,4;25;4;21;:;21;100;16;84;       :;84
1524 Norddal;1524;Norddal;13;       :;12;:;12;100;       :;92,3;       :;92,3;7;:;7;:;7;100;       :;100;       :;100;6;       :;5;:;5;100;       :;83,3;       :;83,3
1525 Stranda;1525;Stranda;28;5;23;:;23;100;17,9;82,1;       :;82,1;16;4;12;:;12;100;25;75;       :;75;12;       :;11;:;11;100;       :;91,7;       :;91,7
1526 Stordal;1526;Stordal;16;4;12;:;12;100;25;75;       :;75;8;       :;6;:;6;100;       :;75;       :;75;8;       :;6;:;6;100;       :;75;       :;75
1528 Sykkylven;1528;Sykkylven;96;30;66;       :;65;100;31,3;68,8;       :;67,7;55;15;40;       :;39;100;27,3;72,7;       :;70,9;41;15;26;:;26;100;36,6;63,4;       :;63,4
1529 Skodje;1529;Skodje;65;7;58;:;58;100;10,8;89,2;       :;89,2;31;4;27;:;27;100;12,9;87,1;       :;87,1;34;       :;31;:;31;100;       :;91,2;       :;91,2
1531 Sula;1531;Sula;58;11;47;:;47;100;19;81;       :;81;30;6;24;:;24;100;20;80;       :;80;28;5;23;:;23;100;17,9;82,1;       :;82,1
1532 Giske;1532;Giske;93;33;60;:;60;100;35,5;64,5;       :;64,5;56;20;36;:;36;100;35,7;64,3;       :;64,3;37;13;24;:;24;100;35,1;64,9;       :;64,9
1534 Haram;1534;Haram;86;36;50;:;50;100;41,9;58,1;       :;58,1;51;20;31;:;31;100;39,2;60,8;       :;60,8;35;16;19;:;19;100;45,7;54,3;       :;54,3
1535 Vestnes;1535;Vestnes;111;18;93;:;93;100;16,2;83,8;       :;83,8;56;10;46;:;46;100;17,9;82,1;       :;82,1;55;8;47;:;47;100;14,5;85,5;       :;85,5
1539 Rauma;1539;Rauma;146;9;137;       :;136;100;6,2;93,8;       :;93,2;68;       :;65;:;65;100;       :;95,6;       :;95,6;78;6;72;       :;71;100;7,7;92,3;       :;91
1543 Nesset;1543;Nesset;58;       :;57;:;57;100;       :;98,3;       :;98,3;37;       :;36;:;36;100;       :;97,3;       :;97,3;21;:;21;:;21;100;       :;100;       :;100
1545 Midsund;1545;Midsund;33;10;23;:;23;100;30,3;69,7;       :;69,7;9;       :;8;:;8;100;       :;88,9;       :;88,9;24;9;15;:;15;100;37,5;62,5;       :;62,5
1546 Sandøy;1546;Sandøy;6;       :;4;:;4;100;       :;66,7;       :;66,7;6;       :;4;:;4;100;       :;66,7;       :;66,7;       :;       :;       :;       :;       :;       :;       :;       :;       :;       :
1547 Aukra;1547;Aukra;34;10;24;:;24;100;29,4;70,6;       :;70,6;18;       :;15;:;15;100;       :;83,3;       :;83,3;16;7;9;:;9;100;43,8;56,3;       :;56,3
1548 Fræna;1548;Fræna;190;39;151;:;151;100;20,5;79,5;       :;79,5;92;16;76;:;76;100;17,4;82,6;       :;82,6;98;23;75;:;75;100;23,5;76,5;       :;76,5
1551 Eide;1551;Eide;56;7;49;:;49;100;12,5;87,5;       :;87,5;34;       :;31;:;31;100;       :;91,2;       :;91,2;22;4;18;:;18;100;18,2;81,8;       :;81,8
1554 Averøy;1554;Averøy;112;15;97;:;97;100;13,4;86,6;       :;86,6;48;       :;46;:;46;100;       :;95,8;       :;95,8;64;13;51;:;51;100;20,3;79,7;       :;79,7
1557 Gjemnes;1557;Gjemnes;17;       :;15;:;15;100;       :;88,2;       :;88,2;9;:;9;:;9;100;       :;100;       :;100;8;       :;6;:;6;100;25;       :;       :;75
1560 Tingvoll;1560;Tingvoll;44;19;25;:;25;100;43,2;56,8;       :;56,8;25;10;15;:;15;100;40;60;       :;60;19;9;10;:;10;100;47,4;52,6;       :;52,6
1563 Sunndal;1563;Sunndal;202;99;103;:;103;100;49;51;       :;51;119;63;56;:;56;100;52,9;47,1;       :;47,1;83;36;47;:;47;100;43,4;56,6;       :;56,6
1566 Surnadal;1566;Surnadal;60;13;47;:;47;100;21,7;78,3;       :;78,3;36;12;24;:;24;100;33,3;66,7;       :;66,7;24;       :;23;:;23;100;       :;95,8;       :;95,8
1567 Rindal;1567;Rindal;6;:;6;:;6;100;       :;100;       :;100;       :;:;       :;:;       :;100;       :;       :;       :;       :;4;:;4;:;4;100;       :;100;       :;100
1571 Halsa;1571;Halsa;22;       :;20;:;20;100;       :;90,9;       :;90,9;16;       :;15;:;15;100;       :;93,8;       :;93,8;6;       :;5;:;5;100;       :;83,3;       :;83,3
1573 Smøla;1573;Smøla;43;5;38;:;38;100;11,6;88,4;       :;88,4;25;       :;22;:;22;100;       :;88;       :;88;18;       :;16;:;16;100;       :;88,9;       :;88,9
1576 Aure;1576;Aure;73;16;57;:;57;100;21,9;78,1;       :;78,1;34;10;24;:;24;100;29,4;70,6;       :;70,6;39;6;33;:;33;100;15,4;84,6;       :;84,6
1601 Trondheim;1601;Trondheim;3921;1430;2491;25;2466;100;36,5;63,5;0,6;62,9;2230;815;1415;11;1404;100;36,5;63,5;0,5;63;1691;615;1076;14;1062;100;36,4;63,6;0,8;62,8
1612 Hemne;1612;Hemne;96;21;75;:;75;100;21,9;78,1;       :;78,1;53;15;38;:;38;100;28,3;71,7;       :;71,7;43;6;37;:;37;100;14;86;       :;86
1613 Snillfjord;1613;Snillfjord;11;:;11;:;11;100;       :;100;       :;100;6;:;6;:;6;100;       :;100;       :;100;5;:;5;:;5;100;       :;100;       :;100
1617 Hitra;1617;Hitra;91;20;71;:;71;100;22;78;       :;78;52;13;39;:;39;100;25;75;       :;75;39;7;32;:;32;100;17,9;82,1;       :;82,1
1620 Frøya;1620;Frøya;84;17;67;:;67;100;20,2;79,8;       :;79,8;42;12;30;:;30;100;28,6;71,4;       :;71,4;42;5;37;:;37;100;11,9;88,1;       :;88,1
1621 Ørland;1621;Ørland;97;5;92;:;92;100;5,2;94,8;       :;94,8;46;       :;45;:;45;100;       :;97,8;       :;97,8;51;4;47;:;47;100;7,8;92,2;       :;92,2
1622 Agdenes;1622;Agdenes;24;4;20;:;20;100;16,7;83,3;       :;83,3;13;       :;11;:;11;100;       :;84,6;       :;84,6;11;       :;9;:;9;100;       :;81,8;       :;81,8
1624 Rissa;1624;Rissa;110;26;84;:;84;100;23,6;76,4;       :;76,4;63;15;48;:;48;100;23,8;76,2;       :;76,2;47;11;36;:;36;100;23,4;76,6;       :;76,6
1627 Bjugn;1627;Bjugn;69;4;65;:;65;100;5,8;94,2;       :;94,2;35;       :;34;:;34;100;       :;97,1;       :;97,1;34;       :;31;:;31;100;       :;91,2;       :;91,2
1630 Åfjord;1630;Åfjord;40;       :;38;:;38;100;       :;95;       :;95;17;       :;16;:;16;100;       :;94,1;       :;94,1;23;       :;22;:;22;100;       :;95,7;       :;95,7
1632 Roan;1632;Roan;24;6;18;:;18;100;25;75;       :;75;16;6;10;:;10;100;37,5;62,5;       :;62,5;8;:;8;:;8;100;       :;100;       :;100
1633 Osen;1633;Osen;12;       :;10;:;10;100;       :;83,3;       :;83,3;7;       :;6;:;6;100;       :;85,7;       :;85,7;5;       :;4;:;4;100;       :;80;       :;80
1634 Oppdal;1634;Oppdal;124;64;60;:;60;100;51,6;48,4;       :;48,4;64;27;37;:;37;100;42,2;57,8;       :;57,8;60;37;23;:;23;100;61,7;38,3;       :;38,3
1635 Rennebu;1635;Rennebu;30;       :;28;:;28;100;       :;93,3;       :;93,3;18;:;18;:;18;100;       :;100;       :;100;12;       :;10;:;10;100;       :;83,3;       :;83,3
1636 Meldal;1636;Meldal;76;4;72;:;72;100;5,3;94,7;       :;94,7;40;       :;37;:;37;100;       :;92,5;       :;92,5;36;       :;35;:;35;100;       :;97,2;       :;97,2
1638 Orkdal;1638;Orkdal;298;97;201;:;201;100;32,6;67,4;       :;67,4;146;47;99;:;99;100;32,2;67,8;       :;67,8;152;50;102;:;102;100;32,9;67,1;       :;67,1
1640 Røros;1640;Røros;108;25;83;:;83;100;23,1;76,9;       :;76,9;63;14;49;:;49;100;22,2;77,8;       :;77,8;45;11;34;:;34;100;24,4;75,6;       :;75,6
1644 Holtålen;1644;Holtålen;31;:;31;:;31;100;       :;100;       :;100;16;:;16;:;16;100;       :;100;       :;100;15;:;15;:;15;100;       :;100;       :;100
1648 Midtre Gauldal;1648;Midtre Gauldal;114;43;71;       :;70;100;37,7;62,3;       :;61,4;58;23;35;       :;34;100;39,7;60,3;       :;58,6;56;20;36;:;36;100;35,7;64,3;       :;64,3
1653 Melhus;1653;Melhus;272;60;212;:;212;100;22,1;77,9;       :;77,9;144;37;107;:;107;100;25,7;74,3;       :;74,3;128;23;105;:;105;100;18;82;       :;82
1657 Skaun;1657;Skaun;110;21;89;:;89;100;19,1;80,9;       :;80,9;58;9;49;:;49;100;15,5;84,5;       :;84,5;52;12;40;:;40;100;23,1;76,9;       :;76,9
1662 Klæbu;1662;Klæbu;94;10;84;:;84;100;10,6;89,4;       :;89,4;46;       :;43;:;43;100;       :;93,5;       :;93,5;48;7;41;:;41;100;14,6;85,4;       :;85,4
1663 Malvik;1663;Malvik;247;55;192;:;192;100;22,3;77,7;       :;77,7;124;31;93;:;93;100;25;75;       :;75;123;24;99;:;99;100;19,5;80,5;       :;80,5
1664 Selbu;1664;Selbu;64;8;56;:;56;100;12,5;87,5;       :;87,5;38;6;32;:;32;100;15,8;84,2;       :;84,2;26;       :;24;:;24;100;       :;92,3;       :;92,3
1665 Tydal;1665;Tydal;28;       :;27;:;27;100;       :;96,4;       :;96,4;15;:;15;:;15;100;       :;100;       :;100;13;       :;12;:;12;100;       :;92,3;       :;92,3
1702 Steinkjer;1702;Steinkjer;490;102;388;:;388;100;20,8;79,2;       :;79,2;228;34;194;:;194;100;14,9;85,1;       :;85,1;262;68;194;:;194;100;26;74;       :;74
1703 Namsos;1703;Namsos;266;63;203;:;203;100;23,7;76,3;       :;76,3;144;34;110;:;110;100;23,6;76,4;       :;76,4;122;29;93;:;93;100;23,8;76,2;       :;76,2
1711 Meråker;1711;Meråker;78;21;57;:;57;100;26,9;73,1;       :;73,1;36;10;26;:;26;100;27,8;72,2;       :;72,2;42;11;31;:;31;100;26,2;73,8;       :;73,8
1714 Stjørdal;1714;Stjørdal;363;132;231;:;231;100;36,4;63,6;       :;63,6;209;85;124;:;124;100;40,7;59,3;       :;59,3;154;47;107;:;107;100;30,5;69,5;       :;69,5
1717 Frosta;1717;Frosta;53;       :;50;:;50;100;       :;94,3;       :;94,3;32;       :;30;:;30;100;       :;93,8;       :;93,8;21;       :;20;:;20;100;       :;95,2;       :;95,2
1718 Leksvik;1718;Leksvik;86;22;64;:;64;100;25,6;74,4;       :;74,4;48;13;35;:;35;100;27,1;72,9;       :;72,9;38;9;29;:;29;100;23,7;76,3;       :;76,3
1719 Levanger;1719;Levanger;360;72;288;:;288;100;20;80;       :;80;180;35;145;:;145;100;19,4;80,6;       :;80,6;180;37;143;:;143;100;20,6;79,4;       :;79,4
1721 Verdal;1721;Verdal;361;117;244;:;244;100;32,4;67,6;       :;67,6;194;58;136;:;136;100;29,9;70,1;       :;70,1;167;59;108;:;108;100;35,3;64,7;       :;64,7
1724 Verran;1724;Verran;73;8;65;:;65;100;11;89;       :;89;41;4;37;:;37;100;9,8;90,2;       :;90,2;32;4;28;:;28;100;12,5;87,5;       :;87,5
1725 Namdalseid;1725;Namdalseid;29;       :;26;:;26;100;       :;89,7;       :;89,7;13;       :;12;:;12;100;       :;92,3;       :;92,3;16;       :;14;:;14;100;       :;87,5;       :;87,5
1736 Snåsa;1736;Snåsa;40;       :;39;       :;38;100;       :;97,5;       :;95;19;:;19;       :;18;100;       :;100;       :;94,7;21;       :;20;:;20;100;       :;95,2;       :;95,2
1738 Lierne;1738;Lierne;19;       :;18;:;18;100;       :;94,7;       :;94,7;8;:;8;:;8;100;       :;100;       :;100;11;       :;10;:;10;100;       :;90,9;       :;90,9
1739 Røyrvik;1739;Røyrvik;7;       :;5;:;5;100;       :;71,4;       :;71,4;4;:;4;:;4;100;       :;100;       :;100;       :;       :;       :;:;       :;100;       :;       :;       :;       :
1740 Namsskogan;1740;Namsskogan;13;:;13;:;13;100;       :;100;       :;100;7;:;7;:;7;100;       :;100;       :;100;6;:;6;:;6;100;       :;100;       :;100
1742 Grong;1742;Grong;84;35;49;:;49;100;41,7;58,3;       :;58,3;44;17;27;:;27;100;38,6;61,4;       :;61,4;40;18;22;:;22;100;45;55;       :;55
1743 Høylandet;1743;Høylandet;8;       :;7;:;7;100;       :;87,5;       :;87,5;4;       :;       :;:;       :;100;       :;       :;       :;       :;4;:;4;:;4;100;       :;100;       :;100
1744 Overhalla;1744;Overhalla;92;17;75;:;75;100;18,5;81,5;       :;81,5;48;10;38;:;38;100;20,8;79,2;       :;79,2;44;7;37;:;37;100;15,9;84,1;       :;84,1
1748 Fosnes;1748;Fosnes;8;:;8;:;8;100;       :;100;       :;100;5;:;5;:;5;100;       :;100;       :;100;       :;:;       :;:;       :;100;       :;       :;       :;       :
1749 Flatanger;1749;Flatanger;31;4;27;:;27;100;12,9;87,1;       :;87,1;13;       :;11;:;11;100;       :;84,6;       :;84,6;18;       :;16;:;16;100;       :;88,9;       :;88,9
1750 Vikna;1750;Vikna;87;12;75;:;75;100;13,8;86,2;       :;86,2;36;6;30;:;30;100;16,7;83,3;       :;83,3;51;6;45;:;45;100;11,8;88,2;       :;88,2
1751 Nærøy;1751;Nærøy;150;30;120;:;120;100;20;80;       :;80;76;18;58;:;58;100;23,7;76,3;       :;76,3;74;12;62;:;62;100;16,2;83,8;       :;83,8
1755 Leka;1755;Leka;12;       :;11;:;11;100;       :;91,7;       :;91,7;5;:;5;:;5;100;       :;100;       :;100;7;       :;6;:;6;100;       :;85,7;       :;85,7
1756 Inderøy (f.o.m. 2012);1756;Inderøy (f.o.m. 2012);111;9;102;:;102;100;8,1;91,9;       :;91,9;52;       :;49;:;49;100;       :;94,2;       :;94,2;59;6;53;:;53;100;10,2;89,8;       :;89,8
1804 Bodø;1804;Bodø;1226;369;857;:;857;100;30,1;69,9;       :;69,9;722;225;497;:;497;100;31,2;68,8;       :;68,8;504;144;360;:;360;100;28,6;71,4;       :;71,4
1805 Narvik;1805;Narvik;504;137;367;:;367;100;27,2;72,8;       :;72,8;293;75;218;:;218;100;25,6;74,4;       :;74,4;211;62;149;:;149;100;29,4;70,6;       :;70,6
1811 Bindal;1811;Bindal;25;       :;22;:;22;100;       :;88;       :;88;16;       :;14;:;14;100;       :;87,5;       :;87,5;9;       :;8;:;8;100;       :;88,9;       :;88,9
1812 Sømna;1812;Sømna;45;21;24;:;24;100;46,7;53,3;       :;53,3;19;7;12;:;12;100;36,8;63,2;       :;63,2;26;14;12;:;12;100;53,8;46,2;       :;46,2
1813 Brønnøy;1813;Brønnøy;236;77;159;:;159;100;32,6;67,4;       :;67,4;116;42;74;:;74;100;36,2;63,8;       :;63,8;120;35;85;:;85;100;29,2;70,8;       :;70,8
1815 Vega;1815;Vega;42;       :;40;:;40;100;       :;95,2;       :;95,2;23;:;23;:;23;100;       :;100;       :;100;19;       :;17;:;17;100;       :;89,5;       :;89,5
1816 Vevelstad;1816;Vevelstad;12;       :;10;:;10;100;       :;83,3;       :;83,3;       :;       :;       :;:;       :;100;       :;       :;       :;       :;9;       :;8;:;8;100;       :;88,9;       :;88,9
1818 Herøy (Nordl.);1818;Herøy (Nordl.);59;21;38;:;38;100;35,6;64,4;       :;64,4;32;11;21;:;21;100;34,4;65,6;       :;65,6;27;10;17;:;17;100;37;63;       :;63
1820 Alstahaug;1820;Alstahaug;173;48;125;:;125;100;27,7;72,3;       :;72,3;94;25;69;:;69;100;26,6;73,4;       :;73,4;79;23;56;:;56;100;29,1;70,9;       :;70,9
1822 Leirfjord;1822;Leirfjord;79;46;33;:;33;100;58,2;41,8;       :;41,8;47;22;25;:;25;100;46,8;53,2;       :;53,2;32;24;8;:;8;100;75;25;       :;25
1824 Vefsn;1824;Vefsn;265;31;234;:;234;100;11,7;88,3;       :;88,3;148;18;130;:;130;100;12,2;87,8;       :;87,8;117;13;104;:;104;100;11,1;88,9;       :;88,9
1825 Grane;1825;Grane;29;       :;27;:;27;100;       :;93,1;       :;93,1;17;       :;15;:;15;100;       :;88,2;       :;88,2;12;:;12;:;12;100;       :;100;       :;100
1826 Hattfjelldal;1826;Hattfjelldal;34;8;26;:;26;100;23,5;76,5;       :;76,5;18;5;13;:;13;100;27,8;72,2;       :;72,2;16;       :;13;:;13;100;       :;81,3;       :;81,3
1827 Dønna;1827;Dønna;45;4;41;:;41;100;8,9;91,1;       :;91,1;23;       :;22;:;22;100;       :;95,7;       :;95,7;22;       :;19;:;19;100;       :;86,4;       :;86,4
1828 Nesna;1828;Nesna;81;31;50;:;50;100;38,3;61,7;       :;61,7;44;19;25;:;25;100;43,2;56,8;       :;56,8;37;12;25;:;25;100;32,4;67,6;       :;67,6
1832 Hemnes;1832;Hemnes;161;37;124;:;124;100;23;77;       :;77;84;19;65;:;65;100;22,6;77,4;       :;77,4;77;18;59;:;59;100;23,4;76,6;       :;76,6
1833 Rana;1833;Rana;677;139;538;:;538;100;20,5;79,5;       :;79,5;366;79;287;:;287;100;21,6;78,4;       :;78,4;311;60;251;:;251;100;19,3;80,7;       :;80,7
1834 Lurøy;1834;Lurøy;40;       :;37;:;37;100;       :;92,5;       :;92,5;20;       :;19;:;19;100;       :;95;       :;95;20;       :;18;:;18;100;       :;90;       :;90
1835 Træna;1835;Træna;4;       :;       :;:;       :;100;       :;       :;       :;       :;       :;       :;       :;       :;       :;       :;       :;       :;       :;       :;4;       :;       :;:;       :;100;       :;       :;       :;       :
1836 Rødøy;1836;Rødøy;33;       :;32;:;32;100;       :;97;       :;97;19;:;19;:;19;100;       :;100;       :;100;14;       :;13;:;13;100;       :;92,9;       :;92,9
1837 Meløy;1837;Meløy;201;23;178;:;178;100;11,4;88,6;       :;88,6;88;8;80;:;80;100;9,1;90,9;       :;90,9;113;15;98;:;98;100;13,3;86,7;       :;86,7
1838 Gildeskål;1838;Gildeskål;65;13;52;:;52;100;20;80;       :;80;43;9;34;:;34;100;20,9;79,1;       :;79,1;22;4;18;:;18;100;18,2;81,8;       :;81,8
1839 Beiarn;1839;Beiarn;25;       :;22;:;22;100;       :;88;       :;88;19;       :;17;:;17;100;       :;89,5;       :;89,5;6;       :;5;:;5;100;       :;83,3;       :;83,3
1840 Saltdal;1840;Saltdal;200;38;162;       :;161;100;19;81;       :;80,5;107;22;85;       :;84;100;20,6;79,4;       :;78,5;93;16;77;:;77;100;17,2;82,8;       :;82,8
1841 Fauske;1841;Fauske;273;60;213;:;213;100;22;78;       :;78;145;35;110;:;110;100;24,1;75,9;       :;75,9;128;25;103;:;103;100;19,5;80,5;       :;80,5
1845 Sørfold;1845;Sørfold;48;4;44;:;44;100;8,3;91,7;       :;91,7;24;       :;22;:;22;100;       :;91,7;       :;91,7;24;       :;22;:;22;100;       :;91,7;       :;91,7
1848 Steigen;1848;Steigen;119;32;87;:;87;100;26,9;73,1;       :;73,1;67;15;52;:;52;100;22,4;77,6;       :;77,6;52;17;35;:;35;100;32,7;67,3;       :;67,3
1849 Hamarøy;1849;Hamarøy;60;9;51;:;51;100;15;85;       :;85;26;       :;24;:;24;100;       :;92,3;       :;92,3;34;7;27;:;27;100;20,6;79,4;       :;79,4
1850 Tysfjord;1850;Tysfjord;64;5;59;:;59;100;7,8;92,2;       :;92,2;46;       :;43;:;43;100;       :;93,5;       :;93,5;18;       :;16;:;16;100;       :;88,9;       :;88,9
1851 Lødingen;1851;Lødingen;55;15;40;:;40;100;27,3;72,7;       :;72,7;37;10;27;:;27;100;27;73;       :;73;18;5;13;:;13;100;27,8;72,2;       :;72,2
1852 Tjeldsund;1852;Tjeldsund;27;4;23;:;23;100;14,8;85,2;       :;85,2;14;       :;11;:;11;100;       :;78,6;       :;78,6;13;       :;12;:;12;100;       :;92,3;       :;92,3
1853 Evenes;1853;Evenes;26;6;20;:;20;100;23,1;76,9;       :;76,9;12;       :;9;:;9;100;       :;75;       :;75;14;       :;11;:;11;100;       :;78,6;       :;78,6
1854 Ballangen;1854;Ballangen;69;14;55;:;55;100;20,3;79,7;       :;79,7;41;9;32;:;32;100;22;78;       :;78;28;5;23;:;23;100;17,9;82,1;       :;82,1
1856 Røst;1856;Røst;20;:;20;:;20;100;       :;100;       :;100;12;:;12;:;12;100;       :;100;       :;100;8;:;8;:;8;100;       :;100;       :;100
1857 Værøy;1857;Værøy;19;       :;17;:;17;100;       :;89,5;       :;89,5;9;:;9;:;9;100;       :;100;       :;100;10;       :;8;:;8;100;       :;80;       :;80
1859 Flakstad;1859;Flakstad;21;       :;20;:;20;100;       :;95,2;       :;95,2;12;       :;11;:;11;100;       :;91,7;       :;91,7;9;:;9;:;9;100;       :;100;       :;100
1860 Vestvågøy;1860;Vestvågøy;205;35;170;       :;169;100;17,1;82,9;       :;82,4;114;21;93;       :;92;100;18,4;81,6;       :;80,7;91;14;77;:;77;100;15,4;84,6;       :;84,6
1865 Vågan;1865;Vågan;300;74;226;:;226;100;24,7;75,3;       :;75,3;168;47;121;:;121;100;28;72;       :;72;132;27;105;:;105;100;20,5;79,5;       :;79,5
1866 Hadsel;1866;Hadsel;247;84;163;:;163;100;34;66;       :;66;121;33;88;:;88;100;27,3;72,7;       :;72,7;126;51;75;:;75;100;40,5;59,5;       :;59,5
1867 Bø (Nordl.);1867;Bø (Nordl.);70;20;50;:;50;100;28,6;71,4;       :;71,4;45;11;34;:;34;100;24,4;75,6;       :;75,6;25;9;16;:;16;100;36;64;       :;64
1868 Øksnes;1868;Øksnes;119;26;93;:;93;100;21,8;78,2;       :;78,2;61;13;48;:;48;100;21,3;78,7;       :;78,7;58;13;45;:;45;100;22,4;77,6;       :;77,6
1870 Sortland;1870;Sortland;283;83;200;:;200;100;29,3;70,7;       :;70,7;159;50;109;:;109;100;31,4;68,6;       :;68,6;124;33;91;:;91;100;26,6;73,4;       :;73,4
1871 Andøy;1871;Andøy;141;45;96;:;96;100;31,9;68,1;       :;68,1;79;26;53;:;53;100;32,9;67,1;       :;67,1;62;19;43;:;43;100;30,6;69,4;       :;69,4
1874 Moskenes;1874;Moskenes;12;       :;11;:;11;100;       :;91,7;       :;91,7;6;:;6;:;6;100;       :;100;       :;100;6;       :;5;:;5;100;       :;83,3;       :;83,3
1902 Tromsø;1902;Tromsø;1380;343;1037;6;1031;100;24,9;75,1;0,4;74,7;801;200;601;4;597;100;25;75;0,5;74,5;579;143;436;       :;434;100;24,7;75,3;       :;75
1903 Harstad;1901;Harstad;637;276;361;:;361;100;43,3;56,7;       :;56,7;348;151;197;:;197;100;43,4;56,6;       :;56,6;289;125;164;:;164;100;43,3;56,7;       :;56,7
1911 Kvæfjord;1911;Kvæfjord;94;31;63;:;63;100;33;67;       :;67;56;20;36;:;36;100;35,7;64,3;       :;64,3;38;11;27;:;27;100;28,9;71,1;       :;71,1
1913 Skånland;1913;Skånland;60;12;48;:;48;100;20;80;       :;80;36;8;28;:;28;100;22,2;77,8;       :;77,8;24;4;20;:;20;100;16,7;83,3;       :;83,3
1917 Ibestad;1917;Ibestad;38;4;34;:;34;100;10,5;89,5;       :;89,5;27;4;23;:;23;100;14,8;85,2;       :;85,2;11;:;11;:;11;100;       :;100;       :;100
1919 Gratangen;1919;Gratangen;50;8;42;:;42;100;16;84;       :;84;31;6;25;:;25;100;19,4;80,6;       :;80,6;19;       :;17;:;17;100;       :;89,5;       :;89,5
1920 Lavangen;1920;Lavangen;30;       :;29;:;29;100;       :;96,7;       :;96,7;15;       :;14;:;14;100;       :;93,3;       :;93,3;15;:;15;:;15;100;       :;100;       :;100
1922 Bardu;1922;Bardu;43;14;29;:;29;100;32,6;67,4;       :;67,4;26;9;17;:;17;100;34,6;65,4;       :;65,4;17;5;12;:;12;100;29,4;70,6;       :;70,6
1923 Salangen;1923;Salangen;77;30;47;:;47;100;39;61;       :;61;41;21;20;:;20;100;51,2;48,8;       :;48,8;36;9;27;:;27;100;25;75;       :;75
1924 Målselv;1924;Målselv;93;21;72;:;72;100;22,6;77,4;       :;77,4;55;12;43;:;43;100;21,8;78,2;       :;78,2;38;9;29;:;29;100;23,7;76,3;       :;76,3
1925 Sørreisa;1925;Sørreisa;69;6;63;:;63;100;8,7;91,3;       :;91,3;39;5;34;:;34;100;12,8;87,2;       :;87,2;30;       :;29;:;29;100;       :;96,7;       :;96,7
1926 Dyrøy;1926;Dyrøy;23;       :;21;:;21;100;       :;91,3;       :;91,3;16;       :;14;:;14;100;       :;87,5;       :;87,5;7;:;7;:;7;100;       :;100;       :;100
1927 Tranøy;1927;Tranøy;43;15;28;:;28;100;34,9;65,1;       :;65,1;24;5;19;:;19;100;20,8;79,2;       :;79,2;19;10;9;:;9;100;52,6;47,4;       :;47,4
1928 Torsken;1928;Torsken;23;       :;20;:;20;100;       :;87;       :;87;11;       :;10;:;10;100;       :;90,9;       :;90,9;12;       :;10;:;10;100;       :;83,3;       :;83,3
1929 Berg;1929;Berg;35;16;19;:;19;100;45,7;54,3;       :;54,3;22;10;12;:;12;100;45,5;54,5;       :;54,5;13;6;7;:;7;100;46,2;53,8;       :;53,8
1931 Lenvik;1931;Lenvik;166;53;113;       :;112;100;31,9;68,1;       :;67,5;94;28;66;       :;65;100;29,8;70,2;       :;69,1;72;25;47;:;47;100;34,7;65,3;       :;65,3
1933 Balsfjord;1933;Balsfjord;122;11;111;:;111;100;9;91;       :;91;69;5;64;:;64;100;7,2;92,8;       :;92,8;53;6;47;:;47;100;11,3;88,7;       :;88,7
1936 Karlsøy;1936;Karlsøy;76;9;67;:;67;100;11,8;88,2;       :;88,2;42;       :;39;:;39;100;       :;92,9;       :;92,9;34;6;28;:;28;100;17,6;82,4;       :;82,4
1938 Lyngen;1938;Lyngen;55;5;50;:;50;100;9,1;90,9;       :;90,9;43;4;39;:;39;100;9,3;90,7;       :;90,7;12;       :;11;:;11;100;       :;91,7;       :;91,7
1939 Storfjord;1939;Storfjord;41;4;37;:;37;100;9,8;90,2;       :;90,2;25;       :;22;:;22;100;       :;88;       :;88;16;       :;15;:;15;100;       :;93,8;       :;93,8
1940 Gáivuotna Kåfjord;1940;Gáivuotna Kåfjord;59;5;54;:;54;100;8,5;91,5;       :;91,5;36;       :;35;:;35;100;       :;97,2;       :;97,2;23;4;19;:;19;100;17,4;82,6;       :;82,6
1941 Skjervøy;1941;Skjervøy;103;14;89;:;89;100;13,6;86,4;       :;86,4;62;10;52;:;52;100;16,1;83,9;       :;83,9;41;4;37;:;37;100;9,8;90,2;       :;90,2
1942 Nordreisa;1942;Nordreisa;157;17;140;:;140;100;10,8;89,2;       :;89,2;89;5;84;:;84;100;5,6;94,4;       :;94,4;68;12;56;:;56;100;17,6;82,4;       :;82,4
1943 Kvænangen;1943;Kvænangen;41;       :;39;:;39;100;       :;95,1;       :;95,1;26;:;26;:;26;100;       :;100;       :;100;15;       :;13;:;13;100;       :;86,7;       :;86,7
2002 Vardø;2002;Vardø;105;15;90;:;90;100;14,3;85,7;       :;85,7;68;12;56;:;56;100;17,6;82,4;       :;82,4;37;       :;34;:;34;100;       :;91,9;       :;91,9
2003 Vadsø;2003;Vadsø;307;189;118;:;118;100;61,6;38,4;       :;38,4;178;99;79;:;79;100;55,6;44,4;       :;44,4;129;90;39;:;39;100;69,8;30,2;       :;30,2
2004 Hammerfest;2004;Hammerfest;274;90;184;       :;183;100;32,8;67,2;       :;66,8;158;52;106;       :;105;100;32,9;67,1;       :;66,5;116;38;78;:;78;100;32,8;67,2;       :;67,2
2011 Guovdageaidnu Kautokeino;2011;Guovdageaidnu Kautokeino;94;7;87;:;87;100;7,4;92,6;       :;92,6;64;       :;62;:;62;100;       :;96,9;       :;96,9;30;5;25;:;25;100;16,7;83,3;       :;83,3
2012 Alta;2012;Alta;632;98;534;:;534;100;15,5;84,5;       :;84,5;325;51;274;:;274;100;15,7;84,3;       :;84,3;307;47;260;:;260;100;15,3;84,7;       :;84,7
2014 Loppa;2014;Loppa;37;       :;34;:;34;100;       :;91,9;       :;91,9;26;       :;24;:;24;100;       :;92,3;       :;92,3;11;       :;10;:;10;100;       :;90,9;       :;90,9
2015 Hasvik;2015;Hasvik;61;       :;58;:;58;100;       :;95,1;       :;95,1;39;       :;38;:;38;100;       :;97,4;       :;97,4;22;       :;20;:;20;100;       :;90,9;       :;90,9
2017 Kvalsund;2017;Kvalsund;32;       :;31;:;31;100;       :;96,9;       :;96,9;19;       :;18;:;18;100;       :;94,7;       :;94,7;13;:;13;:;13;100;       :;100;       :;100
2018 Måsøy;2018;Måsøy;29;       :;27;:;27;100;       :;93,1;       :;93,1;20;       :;19;:;19;100;       :;95;       :;95;9;       :;8;:;8;100;       :;88,9;       :;88,9
2019 Nordkapp;2019;Nordkapp;124;20;104;:;104;100;16,1;83,9;       :;83,9;78;11;67;:;67;100;14,1;85,9;       :;85,9;46;9;37;:;37;100;19,6;80,4;       :;80,4
2020 Porsanger;2020;Porsanger Porsángu Porsanki;169;41;128;       :;127;100;24,3;75,7;       :;75,1;101;25;76;       :;75;100;24,8;75,2;       :;74,3;68;16;52;:;52;100;23,5;76,5;       :;76,5
2021 Kárásjohka Karasjok;2021;Kárásjohka Karasjok;103;5;98;:;98;100;4,9;95,1;       :;95,1;60;       :;57;:;57;100;       :;95;       :;95;43;       :;41;:;41;100;       :;95,3;       :;95,3
2022 Lebesby;2022;Lebesby;75;6;69;       :;68;100;8;92;       :;90,7;51;       :;49;:;49;100;       :;96,1;       :;96,1;24;4;20;       :;19;100;16,7;83,3;       :;79,2
2023 Gamvik;2023;Gamvik;56;16;40;:;40;100;28,6;71,4;       :;71,4;31;8;23;:;23;100;25,8;74,2;       :;74,2;25;8;17;:;17;100;32;68;       :;68
2024 Berlevåg;2024;Berlevåg;34;       :;31;:;31;100;       :;91,2;       :;91,2;20;       :;19;:;19;100;       :;95;       :;95;14;       :;12;:;12;100;       :;85,7;       :;85,7
2025 Deatnu Tana;2025;Deatnu Tana;94;7;87;:;87;100;7,4;92,6;       :;92,6;62;5;57;:;57;100;8,1;91,9;       :;91,9;32;       :;30;:;30;100;       :;93,8;       :;93,8
2027 Unjargga-Nesseby;2027;Unjárga Nesseby;28;4;24;:;24;100;14,3;85,7;       :;85,7;21;       :;19;:;19;100;       :;90,5;       :;90,5;7;       :;5;:;5;100;       :;71,4;       :;71,4
2028 Båtsfjord;2028;Båtsfjord;82;14;68;:;68;100;17,1;82,9;       :;82,9;48;6;42;:;42;100;12,5;87,5;       :;87,5;34;8;26;:;26;100;23,5;76,5;       :;76,5
2030 Sør-Varanger;2030;Sør-Varanger;254;69;185;       :;184;100;27,2;72,8;       :;72,4;139;30;109;:;109;100;21,6;78,4;       :;78,4;115;39;76;       :;75;100;33,9;66,1;       :;65,2
